Date,Open,Close,High,Low
1/1/2018,1300.76,1313.075,1316.08375,1300.6425
1/2/2018,1302.91,1316.5,1318.91,1302.855
1/3/2018,1318.375,1318.875,1321.3,1307.71
1/4/2018,1313.105,1327.875,1327.875,1306.05
1/5/2018,1322.05,1319.59,1323.505,1313.91
1/6/2018,1321.716667,1320.053333,1323.073333,1314.308333
1/7/2018,1321.383333,1320.516667,1322.641667,1314.706667
1/8/2018,1321.05,1320.98,1322.21,1315.105
1/9/2018,1319.755,1311.5,1320.21,1309.355
1/10/2018,1311.91,1310.32,1325.505,1308.96
1/11/2018,1319.3,1325.775,1325.775,1315.91
1/12/2018,1322.46,1335.5,1339.41,1321.96
1/13/2018,1327.091667,1337.266667,1341.141667,1326.758333
1/14/2018,1331.723333,1339.033333,1342.873333,1331.556667
1/15/2018,1336.355,1340.8,1344.605,1336.355
1/16/2018,1339.66,1338.7,1342.355,1331.96
1/17/2018,1339.66,1337.875,1343.91,1326.41
1/18/2018,1328.605,1324.7,1333.21,1324.505
1/19/2018,1328.005,1331.6,1337.855,1327.05
1/20/2018,1329.8025,1331.6,668.9275,663.525
1/21/2018,1331.6,1331.6,0,0
1/22/2018,1333.505,1333.98,1335.71,1328.8
1/23/2018,1333.605,1341,1341.8,1331.55
1/24/2018,1341.16,1358.5,1361.55,1339.605
1/25/2018,1357.355,1347.5,1366.05,1343.105
1/26/2018,1347.41,1351.875,1357.005,1344.755
1/27/2018,1349.6425,1351.875,1354.44,1348.315
1/28/2018,1351.875,1351.875,1351.875,1351.875
1/29/2018,1350.725,1336.625,1352.255,1335.625
1/30/2018,1341.55,1338.71,1348.55,1334.66
1/31/2018,1337.505,1345,1347.355,1333.505
2/1/2018,1343.855,1348.605,1351.005,1337.55
2/2/2018,1347.66,1332.035,1350.105,1327.55
2/3/2018,0,1330.5,1330.5,1330.5
2/4/2018,1335.6,1335.5,1335.6,1335.5
2/5/2018,1333.41,1341,1341.46,1329.3
2/6/2018,1339.355,1324.65,1346.05,1320.505
2/7/2018,1324.855,1318.6,1332.3,1312.21
2/8/2018,1317.55,1313.78,1321.66,1307.21
2/9/2018,1321.16,1316.25,1322.46,1311.46
2/10/2018,1318.705,1316.25,1319.355,1313.855
2/11/2018,1316.25,1316.25,1316.25,1316.25
2/12/2018,1315.505,1322.71,1326.21,1315.3
2/13/2018,1324.255,1329.16,1330.8,1321.71
2/14/2018,1329.605,1350.44,1355.355,1321.005
2/15/2018,1350.755,1359.875,1359.875,1348.71
2/16/2018,1353.755,1352.4,1361.71,1345.105
2/17/2018,1349.6275,1348.95,1353.605,1345.3025
2/18/2018,1345.5,1345.5,1345.5,1345.5
2/19/2018,1347.21,1347.5,1351.21,1346.105
2/20/2018,1347.91,1325.05,1347.96,1324.015
2/21/2018,1329.755,1323.5,1335.96,1322.605
2/22/2018,1324.505,1331.96,1332.21,1321.005
2/23/2018,1331.91,1328.95,1332.21,1325.91
2/24/2018,1330.43,1328.95,1330.58,1327.43
2/25/2018,1328.95,1328.95,1328.95,1328.95
2/26/2018,1329.71,1328.61,1340.855,1326.755
2/27/2018,1333.255,1318.605,1336.66,1313.71
2/28/2018,1318.8,1320,1321.96,1315.855
3/1/2018,1312.505,1317.16,1321.005,1303.005
3/2/2018,1316.66,1322.5,1325.41,1315.3
3/3/2018,1319.58,1323.5,1324.955,1318.9
3/4/2018,1322.5,1324.5,1324.5,1322.5
3/5/2018,1323.71,1320.35,1327.755,1317.605
3/6/2018,1320.755,1338.57,1338.57,1320.41
3/7/2018,1325.21,1324.5,1327.96,1322.3
3/8/2018,1325.66,1322.1,1328.91,1319.41
3/9/2018,1321.8,1323.5,1325.005,1313.71
3/10/2018,1322.65,1323.15,1324.6525,1318.255
3/11/2018,1323.5,1322.8,1324.3,1322.8
3/12/2018,1322.91,1323.41,1324.16,1315.41
3/13/2018,1323.755,1326.05,1333.875,1314.235
3/14/2018,1326.41,1323.8,1330.105,1321.755
3/15/2018,1323.91,1316.41,1327.96,1313.125
3/16/2018,1316.105,1313.85,1321.66,1309.71
3/17/2018,1314.98,1313.8525,1318.06,1311.7825
3/18/2018,1313.855,1313.855,1314.46,1313.855
3/19/2018,1313.3,1317.21,1319.505,1307.91
3/20/2018,1317.605,1311.505,1318.3,1306.125
3/21/2018,1311.71,1331.71,1336.41,1310.005
3/22/2018,1331.91,1330.8,1334.755,1325.005
3/23/2018,1331.105,1347.05,1350.21,1331.105
3/24/2018,1339.0775,1347.05,1348.63,1339.0775
3/25/2018,1347.05,1347.05,1347.05,1347.05
3/26/2018,1348.21,1353.5,1355.875,1343.55
3/27/2018,1353.505,1344.71,1356.605,1340.3
3/28/2018,1345.755,1325,1347.05,1323.605
3/29/2018,1324.8,1320.82,1328.355,1320.82
3/30/2018,1320.83,1320.83,1320.83,1320.83
3/31/2018,1320.83,1320.83,1320.83,1320.83
4/1/2018,1320.83,1320.83,1320.83,1320.83
4/2/2018,1325.755,1338.9,1344.71,1324.96
4/3/2018,1340.66,1332.8,1342.46,1329.255
4/4/2018,1332.96,1333.35,1348.05,1331.605
4/5/2018,1333.3,1326.55,1334.91,1322.8
4/6/2018,1330.855,1333,1334.005,1330.605
4/7/2018,1332.623333,1334.118333,1335.288333,1332.321667
4/8/2018,1334.391667,1335.236667,1336.571667,1334.038333
4/9/2018,1336.16,1336.355,1337.855,1335.755
4/10/2018,1336.71,1340.88,1342.46,1331.505
4/11/2018,1340.875,1353.355,1365.105,1348.005
4/12/2018,1352.755,1335.48,1353.21,1333.96
4/13/2018,1335.605,1345.16,1347.16,1335.505
4/14/2018,1340.3825,1345.16,1346.16,1340.3325
4/15/2018,1345.16,1345.16,1345.16,1345.16
4/16/2018,1343.105,1344.66,1350.55,1340.355
4/17/2018,1346.21,1347.355,1349.41,1337.755
4/18/2018,1347.55,1349.32,1355.66,1342.46
4/19/2018,1349.255,1345.91,1354.55,1341.355
4/20/2018,1345.91,1335.125,1346.21,1335.105
4/21/2018,1340.5175,1335.125,1340.6675,1335.115
4/22/2018,1335.125,1335.125,1335.125,1335.125
4/23/2018,1334.8,1325.325,1335.46,1322.21
4/24/2018,1324.91,1330.68,1332.66,1322.855
4/25/2018,1330.21,1323.21,1332.05,1319.005
4/26/2018,1321.91,1317.275,1326.3,1315.46
4/27/2018,1317.505,1323.41,1325.21,1315.755
4/28/2018,0,1317.8,1317.8,1317.8
4/29/2018,0,1317.8,1317.8,1317.8
4/30/2018,1322.8,1315.355,1325.005,1310.505
5/1/2018,1316.355,1304.16,1316.355,1301.91
5/2/2018,1304.8,1304.855,1313.355,1303.96
5/3/2018,1305.66,1312.21,1318.005,1305.55
5/4/2018,1312.71,1315.05,1315.21,1308.21
5/5/2018,1313.88,1315.05,1315.13,1311.63
5/6/2018,1315.05,1315.05,1315.05,1315.05
5/7/2018,0,1311.4,1311.4,1311.4
5/8/2018,1314.41,1315.71,1317.55,1306.21
5/9/2018,1318.07,1312.625,1318.07,1304.605
5/10/2018,1312.46,1321.255,1322.71,1311.05
5/11/2018,1321.005,1318.4,1325.96,1317.55
5/12/2018,660.5025,1317.625,1321.405,1317.2
5/13/2018,0,1316.85,1316.85,1316.85
5/14/2018,1318.755,1312.82,1322.41,1312.82
5/15/2018,1314.3,1290.645,1314.855,1288.71
5/16/2018,1290.855,1290.95,1296.91,1286.6
5/17/2018,1291.005,1291.43,1294.41,1285.855
5/18/2018,1290.66,1293.15,1294.21,1286.21
5/19/2018,1290.975,1293.66,1294.366667,1284.876667
5/20/2018,1291.29,1294.17,1294.523333,1283.543333
5/21/2018,1291.605,1294.68,1294.68,1282.21
5/22/2018,1292.605,1291.32,1296.105,1288.105
5/23/2018,1291.355,1293.125,1297.745,1288.605
5/24/2018,1294.16,1304.875,1306.41,1293.105
5/25/2018,1304.8,1301.55,1307.71,1300.005
5/26/2018,1303.175,1301.55,1304.63,1300.7775
5/27/2018,1301.55,1301.55,1301.55,1301.55
5/28/2018,1299.275,1298.105,1300.005,1295.71
5/29/2018,1297.8,1299.005,1305.91,1294.21
5/30/2018,1299.41,1301.55,1304.41,1296.05
5/31/2018,1301.8,1298.32,1306.46,1298.105
6/1/2018,1299.05,1293.145,1300.55,1291.105
6/2/2018,1296.0975,1293.145,1296.8475,1292.125
6/3/2018,1293.145,1293.145,1293.145,1293.145
6/4/2018,1293.255,1291.98,1297.8,1290.505
6/5/2018,1292.355,1296.135,1300.505,1290.21
6/6/2018,1297.005,1297.475,1301.605,1294.3
6/7/2018,1296.855,1297.125,1302.755,1295.505
6/8/2018,1297.46,1298.92,1300.55,1294.21
6/9/2018,1298.6675,1299.3975,1300.2125,1297.0425
6/10/2018,1299.875,1299.875,1299.875,1299.875
6/11/2018,1299.3,1300.145,1302.21,1294.16
6/12/2018,1300.21,1295.985,1300.3,1293.41
6/13/2018,1295.3,1299.71,1301.05,1292.755
6/14/2018,1300.05,1302.04,1309.355,1297.71
6/15/2018,1302.46,1280.54,1303.16,1275.55
6/16/2018,1291.5,1280.54,1291.85,1278.045
6/17/2018,1280.54,1280.54,1280.54,1280.54
6/18/2018,0,1277.91,1277.91,1277.91
6/19/2018,1279.005,1274.765,1284.05,1270.505
6/20/2018,1275.105,1268.165,1276.41,1267.8
6/21/2018,1264.2,1267.72,1270.1,1261.55
6/22/2018,1267.6,1269.645,1271.105,1266.755
6/23/2018,1268.6225,1270.76,1271.49,1268.2
6/24/2018,1269.645,1271.875,1271.875,1269.645
6/25/2018,1271.755,1265.505,1272.605,1264.66
6/26/2018,1266.355,1258.82,1267.755,1254.91
6/27/2018,1258.46,1252.02,1259.91,1251.41
6/28/2018,1252.355,1248.275,1254.105,1246.105
6/29/2018,1248.105,1253.18,1255.505,1246.355
6/30/2018,1253.18,1253.18,1253.18,1253.18
7/1/2018,1253.18,1253.18,1253.18,1253.18
7/2/2018,1252.6,1241.855,1254.25,1239.91
7/3/2018,1242.05,1252.855,1256.91,1238.005
7/4/2018,1252.55,1257.41,1261.105,1252.505
7/5/2018,1256.21,1257.95,1259.8,1251.41
7/6/2018,1257.505,1254.725,1258.755,1252.91
7/7/2018,1256.115,1254.725,1256.74,1253.8175
7/8/2018,1254.725,1254.725,1254.725,1254.725
7/9/2018,1255.125,1257.765,1265.96,1255.125
7/10/2018,1257.855,1257.68,1260.3,1247.46
7/11/2018,1255.96,1242.16,1256.91,1241.66
7/12/2018,1242.71,1247.005,1248.55,1241.41
7/13/2018,1246.91,1241.55,1248.105,1237.16
7/14/2018,623.455,1239.585,1242.8625,1237.39
7/15/2018,0,1237.62,1237.62,1237.62
7/16/2018,1241.66,1240.82,1245.605,1238.505
7/17/2018,1240.755,1226.225,1244.91,1226.225
7/18/2018,1227.855,1227.605,1229.16,1221.3
7/19/2018,1227.21,1222.8,1228.605,1212.105
7/20/2018,1223.855,1232.07,1232.16,1216.3
7/21/2018,1227.9625,1232.9725,1233.0175,1224.185
7/22/2018,1232.07,1233.875,1233.875,1232.07
7/23/2018,1231.46,1224.55,1235.005,1222.46
7/24/2018,1224.91,1224.55,1229.46,1218.46
7/25/2018,1224.605,1231.81,1234.005,1223.41
7/26/2018,1231.8,1222.97,1235.255,1222.55
7/27/2018,1223.8,1223.375,1227.3,1217.71
7/28/2018,1223.5875,1223.375,1225.3375,1220.5425
7/29/2018,1223.375,1223.375,1223.375,1223.375
7/30/2018,1223.55,1221.58,1225.105,1219.41
7/31/2018,1221.71,1223.91,1227.91,1214.8
8/1/2018,1224.255,1216.3,1224.8,1215.96
8/2/2018,1216.66,1207.96,1221.16,1207.21
8/3/2018,1208.855,1213.43,1219.755,1204.55
8/4/2018,1211.1425,1213.43,1216.5925,1208.99
8/5/2018,1213.43,1213.43,1213.43,1213.43
8/6/2018,1213.96,1207.56,1217.91,1206.855
8/7/2018,1208.41,1211.005,1216.105,1207.96
8/8/2018,1211.105,1213.605,1215.8,1206.91
8/9/2018,1213.66,1212.255,1217.255,1210.96
8/10/2018,1212.755,1211.725,1216.855,1206.005
8/11/2018,1212.24,1211.725,1214.29,1208.865
8/12/2018,1211.725,1211.725,1211.725,1211.725
8/13/2018,1212.8,1193.83,1213.91,1191.8
8/14/2018,1194.505,1193.985,1198.66,1192.3
8/15/2018,1194.355,1174.635,1194.66,1173.505
8/16/2018,1176.16,1174.115,1181.755,1160.8
8/17/2018,1174.3,1184.875,1185.105,1172.005
8/18/2018,1179.535,1186.6725,592.5525,1180.2375
8/19/2018,1184.77,1188.47,0,1188.47
8/20/2018,1182.96,1191.875,1191.875,1182.96
8/21/2018,1190.605,1196.125,1196.855,1187.8
8/22/2018,1196.16,1195.505,1201.505,1192.8
8/23/2018,1196.105,1185.605,1196.605,1183.91
8/24/2018,1185.505,1206.17,1208.46,1183.3
8/25/2018,1195.8375,1206.17,1207.315,1194.735
8/26/2018,1206.17,1206.17,1206.17,1206.17
8/27/2018,1207.255,1211.355,1212.21,1203.355
8/28/2018,1210.855,1201.255,1214.3,1200.005
8/29/2018,1201.55,1206.66,1207.21,1201.505
8/30/2018,1206.96,1199.505,1207.855,1196.355
8/31/2018,1205.275,1199.915,1206.85125,1196.2675
9/1/2018,1203.59,1200.325,1205.8475,1196.18
9/2/2018,1201.905,1200.735,1204.84375,1196.0925
9/3/2018,1200.22,1201.145,1203.84,1196.005
9/4/2018,1200.755,1191.125,1202.005,1189.91
9/5/2018,1191.8,1196.615,1198.3,1191.05
9/6/2018,1197.21,1200.28,1206.8,1195.91
9/7/2018,1200.41,1196.05,1203.46,1193.66
9/8/2018,1198.446667,1196.003333,1201.71,1193.025
9/9/2018,1196.483333,1195.956667,1199.96,1192.39
9/10/2018,1194.52,1195.91,1198.21,1191.755
9/11/2018,1195.505,1198.755,1199.3,1188.005
9/12/2018,1198.16,1205.96,1208.505,1192.91
9/13/2018,1206.71,1201.55,1212.605,1200.41
9/14/2018,1201.605,1193.71,1208.605,1193.21
9/15/2018,1197.6575,1193.71,1201.1575,1193.46
9/16/2018,1193.71,1193.71,1193.71,1193.71
9/17/2018,1194.005,1200.93,1204.855,1193.105
9/18/2018,1201.66,1198.41,1203.55,1196.105
9/19/2018,1198.105,1203.96,1206.21,1198.105
9/20/2018,1203.855,1207.16,1208.21,1201.46
9/21/2018,1206.755,1199.625,1211.05,1191.96
9/22/2018,1203.19,1199.625,1205.3375,1195.7925
9/23/2018,1199.625,1199.625,1199.625,1199.625
9/24/2018,1200.96,1198.855,1204.05,1194.605
9/25/2018,1199.05,1201.31,1203.3,1197.21
9/26/2018,1201.55,1194.68,1202.505,1192.91
9/27/2018,1195.3,1181.32,1198.66,1181.32
9/28/2018,1183.55,1191.735,1193.505,1181.105
9/29/2018,1186.383333,1190.775,1193.073333,1182.318333
9/30/2018,1189.216667,1189.815,1192.641667,1183.531667
10/1/2018,1192.05,1188.855,1192.21,1184.745
10/2/2018,1188.855,1202.96,1208.255,1188.855
10/3/2018,1204.05,1197.18,1208.3,1196.91
10/4/2018,1198.05,1199.66,1206.605,1196.105
10/5/2018,1199.855,1202.855,1205.71,1197.355
10/6/2018,1201.355,1202.855,1204.2825,1200.105
10/7/2018,1202.855,1202.855,1202.855,1202.855
10/8/2018,1196.21,1188.005,1197.3,1184.16
10/9/2018,1188.3,1189.72,1191.855,1183.71
10/10/2018,1189.605,1194.34,1194.8,1185.55
10/11/2018,1194.355,1224.71,1226.16,1191.41
10/12/2018,1223.55,1217.93,1223.8,1216.005
10/13/2018,1220.74,1217.93,1220.865,1216.9675
10/14/2018,1217.93,1217.93,1217.93,1217.93
10/15/2018,1218.05,1226.855,1233.255,1218.05
10/16/2018,1227.46,1224.43,1232.3,1223.71
10/17/2018,1225.005,1221.32,1229.355,1220.755
10/18/2018,1222.255,1225.855,1230.21,1218.8
10/19/2018,1225.66,1226.855,1230.55,1223.3
10/20/2018,1226.2575,1226.855,1228.7025,1225.0775
10/21/2018,1226.855,1226.855,1226.855,1226.855
10/22/2018,1228.21,1223.505,1229.605,1220.3
10/23/2018,1222.255,1230.46,1239.605,1221.8
10/24/2018,1230.96,1234.66,1234.775,1225.8
10/25/2018,1233.96,1232.105,1239.21,1228.21
10/26/2018,1232.41,1233.765,1243.05,1230.21
10/27/2018,1233.48,1233.6125,1239.005,1231.7825
10/28/2018,1234.55,1233.46,1234.96,1233.355
10/29/2018,1233.21,1230.21,1235.41,1224.91
10/30/2018,1229.66,1222.71,1230.66,1220.05
10/31/2018,1222.41,1215.3,1223.105,1212.29
11/1/2018,1215.605,1234.105,1237.41,1215.505
11/2/2018,1234.355,1233.06,1236.41,1230.005
11/3/2018,1234.056667,1232.578333,1235.993333,1229.005
11/4/2018,1233.758333,1232.096667,1235.576667,1228.005
11/5/2018,1233.46,1231.615,1235.16,1227.005
11/6/2018,1231.505,1226.97,1235.96,1223.66
11/7/2018,1227.355,1224.82,1235.91,1223.3
11/8/2018,1226.66,1223.66,1227.05,1220.41
11/9/2018,1223.46,1209.725,1223.55,1206.91
11/10/2018,1216.5925,1209.725,1216.6375,1208.3175
11/11/2018,1209.725,1209.725,1209.725,1209.725
11/12/2018,1209.41,1200.125,1211.505,1200.125
11/13/2018,1201.355,1202.375,1205.21,1196.495
11/14/2018,1202.855,1210.855,1216.005,1197.8
11/15/2018,1210.93,1213.375,1216.005,1208.255
11/16/2018,1213.41,1221.225,1225.3,1213.3
11/17/2018,1217.3175,1221.225,1223.2625,1217.2625
11/18/2018,1221.225,1221.225,1221.225,1221.225
11/19/2018,1222.05,1224.105,1225.3,1218.105
11/20/2018,1224.05,1221.55,1228.8,1220.21
11/21/2018,1222.005,1226.08,1230.105,1219.855
11/22/2018,1226.115,1226.115,1226.115,1226.115
11/23/2018,1227.05,1224.52,1228.605,1220.46
11/24/2018,1225.92,1223.851667,1228.456667,1220.906667
11/25/2018,1224.79,1223.183333,1228.308333,1221.353333
11/26/2018,1223.66,1222.515,1228.16,1221.8
11/27/2018,1222.505,1215.015,1225.16,1212.05
11/28/2018,1216.875,1221.18,1226.46,1211.41
11/29/2018,1220.71,1224.46,1228.96,1220.505
11/30/2018,1224.3,1222.105,1225.605,1216.755
12/1/2018,1226.473333,1225.01,1227.343333,1221.443333
12/2/2018,1228.646667,1227.915,1229.081667,1226.131667
12/3/2018,1230.82,1230.82,1230.82,1230.82
12/4/2018,1231.005,1238.625,1241.91,1230.605
12/5/2018,1238.96,1237.57,1239.3,1233.505
12/6/2018,1238.21,1238.16,1244.21,1234.96
12/7/2018,1238.005,1248.68,1250.105,1237.505
12/8/2018,1243.3425,1248.68,1249.3925,1243.0925
12/9/2018,1248.68,1248.68,1248.68,1248.68
12/10/2018,1250.48,1244.32,1251.875,1241.855
12/11/2018,1245.105,1242.52,1249.505,1241.16
12/12/2018,1243.505,1245.605,1247.255,1242.105
12/13/2018,1246.16,1241.855,1246.8,1240.41
12/14/2018,1242.005,1238.42,1243.105,1233.05
12/15/2018,1240.2125,1238.42,1240.7625,1235.735
12/16/2018,1238.42,1238.42,1238.42,1238.42
12/17/2018,1240.48,1245.875,1248.05,1235.765
12/18/2018,1245.71,1249.34,1250.3,1245.105
12/19/2018,1250.05,1243.105,1258.105,1241.91
12/20/2018,1244.41,1259.81,1266.41,1242.91
12/21/2018,1260.8,1255.66,1262.71,1254.105
12/22/2018,630.4,1253.62,631.355,627.0525
12/23/2018,0,1251.58,0,0
12/24/2018,1258.46,1265.775,1269.41,1258.105
12/25/2018,1270.225,1270.225,1270.225,1270.225
12/26/2018,1270.23,1267.05,1279.1,1264.9
12/27/2018,1268.13,1275.45,1278.9,1266.8
12/28/2018,1275.1,1280.75,1281.9,1274.4
12/29/2018,1277.925,1280.75,1281.325,1277.575
12/30/2018,1280.75,1280.75,1280.75,1280.75
12/31/2018,1280.05,1279.45,1284.1,1277.5
1/1/2019,1280.825,1282,1286.4,1278.15
1/2/2019,1281.6,1284.55,1288.7,1278.8
1/3/2019,1287.05,1294.05,1294.85,1284.95
1/4/2019,1293.9,1284.95,1298.4,1276.9
1/5/2019,1289.425,1284.95,1291.675,1280.925
1/6/2019,1284.95,1284.95,1284.95,1284.95
1/7/2019,1286.05,1289.55,1295,1282.75
1/8/2019,1289.4,1285.55,1290.2,1279.8
1/9/2019,1285.05,1293.95,1293.95,1280.3
1/10/2019,1293.1,1286.25,1297.05,1286.25
1/11/2019,1286.95,1287.55,1295.2,1286.95
1/12/2019,643.475,1289.4,1293.225,1289.1
1/13/2019,0,1291.25,1291.25,1291.25
1/14/2019,1288.2,1291.55,1295.9,1288.05
1/15/2019,1292.6,1289.85,1294.6,1287.05
1/16/2019,1289.85,1293.55,1295,1288
1/17/2019,1293.9,1291.95,1295.4,1289.05
1/18/2019,1292.4,1281.21,1292.5,1280.75
1/19/2019,1286.805,1281.21,1286.855,1280.98
1/20/2019,1281.21,1281.21,1281.21,1281.21
1/21/2019,1282.855,1280.28,1283.605,1276.895
1/22/2019,1280.145,1285.18,1285.495,1277.59
1/23/2019,1285.04,1282.725,1286.495,1278.79
1/24/2019,1282.895,1281.145,1284.895,1277.2
1/25/2019,1280.745,1303.43,1303.54,1279.995
1/26/2019,640.3725,1306.45,1306.505,1294.7325
1/27/2019,0,1309.47,1309.47,1309.47
1/28/2019,1300.2,1303.57,1304.45,1297.855
1/29/2019,1303.41,1312.18,1312.18,1302.8
1/30/2019,1311.66,1319.755,1319.91,1309.505
1/31/2019,1320.55,1321.02,1326.255,1317.66
2/1/2019,1321.005,1318.625,1323.3,1316.355
2/2/2019,1319.815,1318.625,1320.9625,1317.49
2/3/2019,1318.625,1318.625,1318.625,1318.625
2/4/2019,1318.275,1310.125,1318.275,1309.05
2/5/2019,1312.005,1316.05,1316.71,1310.8
2/6/2019,1314.66,1306.57,1315.91,1305.8
2/7/2019,1307.71,1310.355,1312.005,1302.855
2/8/2019,1310.21,1314.93,1315.71,1307.91
2/9/2019,1312.57,1314.93,1315.32,1311.42
2/10/2019,1314.93,1314.93,1314.93,1314.93
2/11/2019,1313.71,1308.125,1314.8,1303.91
2/12/2019,1307.96,1310.725,1314.8,1306.71
2/13/2019,1311.3,1304.125,1318.21,1304.125
2/14/2019,1306.71,1312.355,1314.355,1303.3
2/15/2019,1312.71,1323.375,1323.375,1311.505
2/16/2019,1318.0425,1323.375,1323.375,1317.44
2/17/2019,1323.375,1323.375,1323.375,1323.375
2/18/2019,1321.625,1326.68,1327.605,1320.755
2/19/2019,1326.25,1341.255,1341.71,1322.96
2/20/2019,1339.91,1336.725,1346.41,1336.725
2/21/2019,1339.16,1323.275,1341.255,1322.605
2/22/2019,1324.46,1327.625,1333.005,1322.05
2/23/2019,1326.0425,1327.625,1330.315,1324.8375
2/24/2019,1327.625,1327.625,1327.625,1327.625
2/25/2019,1327.855,1326.725,1332.55,1325.41
2/26/2019,1327.46,1328.91,1330.21,1323.71
2/27/2019,1329.255,1319.96,1329.96,1317.3
2/28/2019,1320.105,1313.57,1327.105,1312.8
3/1/2019,1314.46,1292.765,1315.105,1290.355
3/2/2019,1292.765,1292.765,1292.765,1292.765
3/3/2019,1292.765,1292.765,1292.765,1292.765
3/4/2019,1295.91,1286.71,1297.105,1283.16
3/5/2019,1287.41,1287.775,1289.55,1281.46
3/6/2019,1287.46,1286.57,1290.91,1283.755
3/7/2019,1286.855,1285.66,1288.855,1281.41
3/8/2019,1286.605,1299.275,1300.71,1285.3
3/9/2019,1292.94,1297.9925,1299.9925,1290.855
3/10/2019,1299.275,1296.71,1299.275,1296.41
3/11/2019,1297.16,1293.21,1299.105,1290.605
3/12/2019,1293.21,1301.05,1302.105,1292.21
3/13/2019,1301.005,1309.8,1313.375,1301.005
3/14/2019,1309.91,1296.505,1310.46,1293.105
3/15/2019,1296.3,1301.375,1306.41,1294.105
3/16/2019,1298.8375,1301.74,1304.68,1297.74
3/17/2019,1301.375,1302.105,1302.95,1301.375
3/18/2019,1302.21,1303.505,1306.71,1298.505
3/19/2019,1303.505,1306.71,1310.96,1302.605
3/20/2019,1306.755,1314.105,1316.875,1299.3
3/21/2019,1314.3,1309.505,1320.3,1303.755
3/22/2019,1309.3,1313.225,1314.91,1307.105
3/23/2019,1311.2625,1313.1375,1314.4575,1310.0775
3/24/2019,1313.225,1313.05,1314.005,1313.05
3/25/2019,1312.21,1322.21,1324.41,1311.105
3/26/2019,1321.96,1316.355,1323.255,1312.91
3/27/2019,1316.71,1309.755,1319.3,1308.41
3/28/2019,1309.3,1291.2,1312.3,1288.7
3/29/2019,1291.15,1292.86,1299.7,1287.2
3/30/2019,1292.005,1292.86,1296.28,1290.03
3/31/2019,1292.86,1292.86,1292.86,1292.86
4/1/2019,1292.6,1285.15,1297,1285.15
4/2/2019,1287.75,1293.15,1293.15,1285.6
4/3/2019,1292.35,1289.95,1294.5,1288.6
4/4/2019,1290.55,1294.35,1294.35,1281.15
4/5/2019,1292.9,1290.15,1293.6,1284.65
4/6/2019,1290.15,1290.15,1290.15,1290.15
4/7/2019,1290.15,1290.15,1290.15,1290.15
4/8/2019,1292.3,1292.65,1303.8,1291.5
4/9/2019,1298.05,1303.88,1306.25,1296.7
4/10/2019,1304.55,1307.85,1310.65,1301.4
4/11/2019,1308.15,1288.75,1309.2,1288.75
4/12/2019,1292.6,1290.4,1295.85,1290.4
4/13/2019,1291.5,1290.4,1293.125,1290.4
4/14/2019,1290.4,1290.4,1290.4,1290.4
4/15/2019,1292.2,1287,1292.2,1282.7
4/16/2019,1288.05,1272.95,1288.7,1272.15
4/17/2019,1277.05,1274.14,1279.7,1273.2
4/18/2019,1274.4,1274.1,1277.7,1271.4
4/19/2019,1274.3,1274.1,1276.5,1272.3
4/20/2019,1274.2,1274.1,1275.3,1273.2
4/21/2019,1274.1,1274.1,1274.1,1274.1
4/22/2019,1276.5,1273.25,1279.8,1273.25
4/23/2019,1275.4,1272.4,1276.5,1266.55
4/24/2019,1272.25,1275.36,1278.5,1268.9
4/25/2019,1275.55,1277.35,1282.55,1273.5
4/26/2019,1277.45,1286.25,1288.75,1276.05
4/27/2019,1286.25,1286.25,1286.25,1286.25
4/28/2019,1286.25,1286.25,1286.25,1286.25
4/29/2019,1285.95,1279.8,1286.7,1278.3
4/30/2019,1280.15,1287.95,1287.95,1280
5/1/2019,1283.4,1276.66,1287,1273.55
5/2/2019,1277.25,1270.65,1278,1266.6
5/3/2019,1270.65,1276.65,1282.4,1269.2
5/4/2019,1273.65,1276.65,1279.525,1272.925
5/5/2019,1276.65,1276.65,1276.65,1276.65
5/6/2019,1285.05,1275.15,1285.1,1275.15
5/7/2019,1282.9,1288.85,1288.85,1278.35
5/8/2019,1284.05,1280.93,1291.45,1279.5
5/9/2019,1281.3,1284.14,1288.05,1279.8
5/10/2019,1284.55,1286,1289.45,1283.25
5/11/2019,1285.275,1286,1287.725,1284.625
5/12/2019,1286,1286,1286,1286
5/13/2019,1287.15,1300.05,1301.25,1282.15
5/14/2019,1300.65,1297,1303.25,1293.85
5/15/2019,1297.2,1296.45,1300.9,1293.1
5/16/2019,1296.6,1286.65,1298.75,1284.25
5/17/2019,1286.7,1277.55,1288.9,1275.3
5/18/2019,1282.125,1277.55,1283.225,1276.425
5/19/2019,1277.55,1277.55,1277.55,1277.55
5/20/2019,1278.55,1277.95,1278.95,1274
5/21/2019,1277.65,1274.75,1278,1269.75
5/22/2019,1274.6,1273.85,1277.3,1272.65
5/23/2019,1273.8,1283.45,1287.3,1272.95
5/24/2019,1283.6,1285,1285.3,1280.9
5/25/2019,641.8,1288.725,1288.875,1286.675
5/26/2019,0,1292.45,1292.45,1292.45
5/27/2019,1285.55,1285.2,1287.5,1283.8
5/28/2019,1285.45,1279.5,1286.65,1276.3
5/29/2019,1279.86,1279.6,1285.6,1279.25
5/30/2019,1280.15,1289.05,1289.15,1275.2
5/31/2019,1288.3,1305.65,1306.9,1288.1
6/1/2019,1296.975,1305.65,1306.275,1296.875
6/2/2019,1305.65,1305.65,1305.65,1305.65
6/3/2019,1306.8,1325.17,1328.05,1306.7
6/4/2019,1325.05,1325.28,1329.05,1320.1
6/5/2019,1325.35,1330.18,1343.95,1324.6
6/6/2019,1332.25,1335.6,1339.8,1327.45
6/7/2019,1335.85,1340.7,1348.05,1330.4
6/8/2019,1338.275,1340.7,1344.375,1333
6/9/2019,1340.7,1340.7,1340.7,1335.6
6/10/2019,1335.4,1328.13,1337.7,1325.4
6/11/2019,1328.2,1329.55,1329.9,1320
6/12/2019,1326.95,1333.55,1338.3,1326.2
6/13/2019,1333.8,1342.35,1343.2,1332.6
6/14/2019,1342.5,1341.55,1358.2,1338.25
6/15/2019,1342.333333,1339.75,1353.2,1336.5
6/16/2019,1342.166667,1337.95,1348.2,1334.75
6/17/2019,1342,1336.15,1343.2,1333
6/18/2019,1340.1,1346.48,1354.2,1338.7
6/19/2019,1346.35,1360.27,1362.5,1341.9
6/20/2019,1359.15,1388.18,1393,1357.8
6/21/2019,1388.4,1399.05,1410.3,1382.75
6/22/2019,1393.725,1399.05,1404.675,1390.9
6/23/2019,1399.05,1399.05,1399.05,1399.05
6/24/2019,1400.6,1419.55,1421.1,1400.6
6/25/2019,1418.85,1423.25,1438.65,1412.3
6/26/2019,1421.25,1407.45,1422,1402.6
6/27/2019,1408.3,1409.68,1411.8,1399.7
6/28/2019,1409.4,1409.5,1424.05,1406.2
6/29/2019,1409.45,1409.5,1416.775,1407.85
6/30/2019,1409.5,1409.5,1409.5,1409.5
7/1/2019,1392.35,1382.45,1395.5,1382
7/2/2019,1384.35,1423.35,1423.35,1384.3
7/3/2019,1423.15,1423.45,1436.25,1412.55
7/4/2019,1419.65,1417.7,1421.75,1410.8
7/5/2019,1416.75,1399.95,1423.9,1387.8
7/6/2019,1408.35,1399.95,1411.925,1393.875
7/7/2019,1399.95,1399.95,1399.95,1399.95
7/8/2019,1399.3,1395.5,1407.6,1391.95
7/9/2019,1395.75,1397.6,1399.9,1386.95
7/10/2019,1396.85,1418.88,1419,1390.3
7/11/2019,1419.65,1403.93,1426,1401.6
7/12/2019,1405.05,1415.55,1416.8,1403.6
7/13/2019,1409.716667,1415.06,1417.716667,1405.066667
7/14/2019,1414.383333,1414.57,1418.633333,1406.533333
7/15/2019,1419.05,1414.08,1419.55,1408
7/16/2019,1415.1,1406.33,1418.25,1401.4
7/17/2019,1406.85,1426.7,1426.7,1400.2
7/18/2019,1426.6,1445.95,1447.9,1415.05
7/19/2019,1449.25,1425.55,1452.2,1420.9
7/20/2019,1441.483333,1425.406667,1444.683333,1421.45
7/21/2019,1433.716667,1425.263333,1437.166667,1422
7/22/2019,1425.95,1425.12,1429.65,1422.55
7/23/2019,1424.9,1417.39,1429.25,1414.55
7/24/2019,1417.45,1425.57,1429.25,1416.5
7/25/2019,1425.55,1414.53,1433.6,1411.35
7/26/2019,1415.35,1418.65,1424.5,1413.9
7/27/2019,1417,1418.65,1421.575,1416.275
7/28/2019,1418.65,1418.65,1418.65,1418.65
7/29/2019,1420.45,1430.05,1430.05,1417.15
7/30/2019,1425.95,1430.65,1432.95,1422.5
7/31/2019,1430.9,1413.81,1432.85,1410.7
8/1/2019,1416.05,1450.15,1450.15,1400.9
8/2/2019,1444.95,1440.7,1447.9,1430.4
8/3/2019,1443.533333,1448.29,1455.183333,1432.633333
8/4/2019,1442.116667,1455.88,1462.466667,1434.866667
8/5/2019,1440.7,1463.47,1469.75,1437.1
8/6/2019,1472.4,1474.27,1474.85,1457.1
8/7/2019,1474.45,1501.45,1509.8,1472.4
8/8/2019,1498.65,1500.15,1509.5,1490.8
8/9/2019,1505.5,1495.25,1508.1,1495
8/10/2019,1500.375,1495.25,1501.675,1495.125
8/11/2019,1495.25,1495.25,1495.25,1495.25
8/12/2019,1496.15,1511.3,1515.35,1488.35
8/13/2019,1510.65,1501.3,1534.45,1486.35
8/14/2019,1501.83,1516.5,1523.9,1494.8
8/15/2019,1519.5,1523.2,1526.2,1508.75
8/16/2019,1522.05,1514.15,1527.3,1504.2
8/17/2019,1518.1,1514.15,1520.725,1509.175
8/18/2019,1514.15,1514.15,1514.15,1514.15
8/19/2019,1510.15,1495.85,1513,1493.6
8/20/2019,1496.85,1507.55,1508.4,1493.55
8/21/2019,1506.6,1502.45,1507.9,1496.7
8/22/2019,1502,1498.33,1504.5,1492.7
8/23/2019,1498.85,1526.75,1529.9,1493.8
8/24/2019,1515.366667,1525.183333,1538.183333,1503.216667
8/25/2019,1531.883333,1523.616667,1546.466667,1512.633333
8/26/2019,1548.4,1522.05,1554.75,1522.05
8/27/2019,1527,1542.55,1544.4,1526.1
8/28/2019,1541.1,1538.95,1546.65,1532.25
8/29/2019,1539.35,1527.45,1550.2,1520.25
8/30/2019,1527.7,1520.25,1532.6,1517.75
8/31/2019,1523.975,1520.25,1526.425,1519
9/1/2019,1520.25,1520.25,1520.25,1520.25
9/2/2019,1529.15,1529.85,1531.05,1519.6
9/3/2019,1527.15,1549.35,1549.65,1521.9
9/4/2019,1546.38,1552.55,1557,1534.2
9/5/2019,1551.6,1519.35,1553,1510.55
9/6/2019,1519.1,1502.15,1527.6,1502.15
9/7/2019,1502.15,1502.15,1502.15,1502.15
9/8/2019,1502.15,1502.15,1502.15,1502.15
9/9/2019,1504.59,1499.14,1515.1,1498.1
9/10/2019,1498.4,1485.65,1500.75,1484.9
9/11/2019,1486.85,1496.99,1498.3,1486.15
9/12/2019,1496.85,1499.15,1522.9,1489.3
9/13/2019,1497.85,1483.25,1508.9,1483.25
9/14/2019,1499.633333,1488.376667,1509.933333,1487.5
9/15/2019,1501.416667,1493.503333,1510.966667,1491.75
9/16/2019,1503.2,1498.63,1512,1496
9/17/2019,1498.75,1501.15,1507.1,1493.7
9/18/2019,1502.05,1494.14,1511.1,1484.95
9/19/2019,1493.1,1499.22,1504.2,1489.35
9/20/2019,1499.35,1517.15,1517.15,1498.05
9/21/2019,1508.25,1517.15,1517.15,1507.6
9/22/2019,1517.15,1517.15,1517.15,1517.15
9/23/2019,1512.85,1522.33,1526.65,1511.7
9/24/2019,1523.1,1531.65,1535.4,1515.85
9/25/2019,1533.25,1504.15,1535.15,1501.5
9/26/2019,1503.7,1504.83,1512.15,1501.75
9/27/2019,1504.45,1496.95,1507.5,1487.25
9/28/2019,1500.7,1496.95,1502.225,1492.1
9/29/2019,1496.95,1496.95,1496.95,1496.95
9/30/2019,1496.45,1472.25,1500.3,1464.75
10/1/2019,1473.4,1478.98,1487.15,1459.35
10/2/2019,1480.35,1499.5,1505.15,1474.7
10/3/2019,1499.2,1505.35,1516.9,1496.3
10/4/2019,1506.4,1504.6,1510.3,1497.45
10/5/2019,1507.116667,1500.943333,1509.966667,1494.6
10/6/2019,1507.833333,1497.286667,1509.633333,1491.75
10/7/2019,1508.55,1493.63,1509.3,1488.9
10/8/2019,1493.85,1505.46,1508.65,1487.8
10/9/2019,1506.75,1505.35,1511.4,1500.1
10/10/2019,1506.15,1494.25,1516.8,1491.5
10/11/2019,1495.15,1489.85,1503.3,1474.3
10/12/2019,1492.5,1489.85,1496.575,1482.075
10/13/2019,1489.85,1489.85,1489.85,1489.85
10/14/2019,1487.3,1492.99,1497.05,1482.9
10/15/2019,1492.45,1481.3,1497.9,1477.85
10/16/2019,1481.35,1493.45,1493.45,1477.4
10/17/2019,1490.25,1492.1,1497.05,1483.8
10/18/2019,1492.6,1490.1,1494.15,1485.1
10/19/2019,1492.266667,1488.233333,1494.466667,1484.066667
10/20/2019,1491.933333,1486.366667,1494.783333,1483.033333
10/21/2019,1491.6,1484.5,1495.1,1482
10/22/2019,1485.05,1488.05,1488.95,1481.45
10/23/2019,1488.3,1492.1,1496.15,1487.85
10/24/2019,1491.8,1504.85,1504.85,1488.15
10/25/2019,1503.35,1504.73,1517.85,1500.9
10/26/2019,1504.73,1504.73,1504.73,1504.73
10/27/2019,1504.73,1503.4,1504.73,1502.3
10/28/2019,1503.5,1492.1,1508.1,1490.1
10/29/2019,1491.95,1487.45,1494.8,1482.65
10/30/2019,1487.75,1495.55,1496.55,1481.65
10/31/2019,1495.8,1512.25,1514.25,1494.1
11/1/2019,1512.6,1513.95,1515.3,1503.6
11/2/2019,1513.275,1513.95,1514.625,1508.775
11/3/2019,1513.95,1513.95,1513.95,1513.95
11/4/2019,1513.25,1509.35,1514.8,1504.9
11/5/2019,1509.55,1483.78,1509.65,1480.1
11/6/2019,1483.8,1490.3,1493.9,1483.25
11/7/2019,1490,1468.85,1492.2,1461.75
11/8/2019,1468.4,1458.75,1472.95,1456.5
11/9/2019,1465.75,1457.75,1470.8,1453.766667
11/10/2019,1463.1,1456.75,1468.65,1451.033333
11/11/2019,1460.45,1455.75,1466.5,1448.3
11/12/2019,1455.3,1456.05,1460.35,1445.8
11/13/2019,1457.4,1463.36,1467.1,1457.2
11/14/2019,1464.25,1471.06,1474.6,1461.2
11/15/2019,1471.2,1466.55,1471.4,1462.7
11/16/2019,1468.875,1466.55,1468.975,1464.625
11/17/2019,1466.55,1466.55,1466.55,1466.55
11/18/2019,1468.1,1471.45,1473.8,1456.6
11/19/2019,1470.75,1472.55,1475.2,1465.15
11/20/2019,1474.3,1471.36,1478.8,1466.2
11/21/2019,1475.4,1464.35,1475.7,1462.85
11/22/2019,1464.8,1462.05,1473.3,1461.8
11/23/2019,1463.425,1462.05,1467.675,1461.925
11/24/2019,1462.05,1462.05,1462.05,1462.05
11/25/2019,1460.8,1455.44,1462.2,1454.1
11/26/2019,1455.1,1461.35,1462.8,1451.3
11/27/2019,1461.65,1454.63,1461.85,1452.8
11/28/2019,1455.85,1456.15,1458.25,1454.55
11/29/2019,1455.65,1463.9,1466.6,1453.15
11/30/2019,1462.55,1466.65,1468.025,1461.275
12/1/2019,1469.45,1469.4,1469.45,1469.4
12/2/2019,1460.4,1462.75,1465.05,1454.2
12/3/2019,1461.85,1477.6,1481.7,1460
12/4/2019,1476.55,1474.45,1484,1471.5
12/5/2019,1474.53,1476.05,1480.35,1472.9
12/6/2019,1476.15,1460.25,1477,1459
12/7/2019,1460.25,1460.25,1460.25,1460.25
12/8/2019,1460.25,1460.25,1460.25,1460.25
12/9/2019,1459.05,1461.45,1465.4,1459.05
12/10/2019,1461.7,1464.16,1469.1,1460.15
12/11/2019,1464.25,1474.6,1478.6,1462.8
12/12/2019,1475,1469.5,1486.3,1465.1
12/13/2019,1466.65,1475.9,1478.1,1463.15
12/14/2019,1469.433333,1475.883333,1478.666667,1466.55
12/15/2019,1472.216667,1475.866667,1479.233333,1469.95
12/16/2019,1475,1475.85,1479.8,1473.35
12/17/2019,1476.1,1476.33,1480.4,1474.4
12/18/2019,1476.1,1475.74,1479.3,1470.7
12/19/2019,1475.35,1479.1,1481.75,1473.4
12/20/2019,1479.3,1478.05,1480.8,1476.05
12/21/2019,739.65,1477.85,1479.225,738.025
12/22/2019,0,1477.65,1477.65,0
12/23/2019,1477.85,1485.45,1486.1,1477.65
12/24/2019,1485.4,1499.55,1500.55,1485.35
12/25/2019,1495.3,1495.45,1495.45,1495.3
12/26/2019,1500.6,1510.81,1512.6,1497.95
12/27/2019,1511,1511.4,1515.4,1507.5
12/28/2019,1511.15,1512.55,1515.6,1508.633333
12/29/2019,1511.3,1513.7,1515.8,1509.766667
12/30/2019,1511.45,1514.85,1516,1510.9
12/31/2019,1514.85,1517.48,0,1514.85
1/1/2020,1517.4,1523.165,765.65,1516.375
1/2/2020,1519.95,1528.85,1531.3,1517.9
1/3/2020,1528.5,1552.35,1553,1528.1
1/4/2020,1542.1,1556.87,1561.833333,1539.066667
1/5/2020,1555.7,1561.39,1570.666667,1550.033333
1/6/2020,1569.3,1565.91,1579.5,1561
1/7/2020,1564.75,1574.35,1577,1555.65
1/8/2020,1578.05,1556.55,1611,1552.7
1/9/2020,1555.35,1552.64,1561.3,1540.35
1/10/2020,1553.3,1562.34,1563.2,1545.8
1/11/2020,1557.82,1562.34,1562.77,1554.07
1/12/2020,1562.34,1562.34,1562.34,1562.34
1/13/2020,1560.15,1548.25,1560.65,1547.1
1/14/2020,1548.6,1546.55,1548.95,1536.4
1/15/2020,1546.7,1556.25,1558.05,1546.55
1/16/2020,1555.5,1552.65,1558.05,1548.35
1/17/2020,1552.45,1557.3,1561.25,1549.75
1/18/2020,1557.3,1557.3,1557.3,1557.3
1/19/2020,1557.3,1557.3,1557.3,1557.3
1/20/2020,1558.7,1560.55,1562.8,1556.45
1/21/2020,1560.95,1558.05,1568.65,1546.5
1/22/2020,1557.7,1558.65,1559.3,1550.55
1/23/2020,1558.65,1562.9,1567.9,1552.15
1/24/2020,1562.4,1571.85,1575.7,1556.65
1/25/2020,1567.125,1571.85,1573.775,1564.25
1/26/2020,1571.85,1571.85,1571.85,1571.85
1/27/2020,1581.3,1581.65,1586,1576.05
1/28/2020,1580.7,1567.25,1582.95,1565.7
1/29/2020,1569.1,1577.03,1577.9,1563.5
1/30/2020,1575.45,1574.45,1586,1572.75
1/31/2020,1575.35,1589.65,1590.5,1571.1
2/1/2020,1582.5,1589.65,1590.075,1580.375
2/2/2020,1589.65,1589.65,1589.65,1589.65
2/3/2020,1589.35,1576.95,1591.75,1570.7
2/4/2020,1578.35,1549.45,1579.5,1549.3
2/5/2020,1553.45,1556,1562.35,1547.65
2/6/2020,1554.8,1566.35,1567.45,1552.75
2/7/2020,1565.9,1574.85,1574.85,1561.9
2/8/2020,1570.375,1574.85,1574.85,1568.375
2/9/2020,1574.85,1574.85,1574.85,1574.85
2/10/2020,1569.25,1571.98,1576.9,1568.2
2/11/2020,1572.35,1567.65,1573.9,1562.3
2/12/2020,1567.75,1566.1,1570.45,1562.2
2/13/2020,1566.5,1575.95,1578.2,1565.75
2/14/2020,1576.2,1583.8,1585.05,1573.2
2/15/2020,1577.933333,1582.883333,1584.633333,1575.116667
2/16/2020,1579.666667,1581.966667,1584.216667,1577.033333
2/17/2020,1581.4,1581.05,1583.8,1578.95
2/18/2020,1583.9,1601.6,1605.1,1583.7
2/19/2020,1601.2,1611.35,1612.9,1599.6
2/20/2020,1611.83,1619.75,1623.45,1604.1
2/21/2020,1619.9,1643.45,1649.1,1619.1
2/22/2020,1631.675,1643.45,1646.275,1631.275
2/23/2020,1643.45,1643.45,1643.45,1643.45
2/24/2020,1664.4,1659.35,1688.7,1651.35
2/25/2020,1658.3,1634.95,1658.55,1629.1
2/26/2020,1638.6,1640.9,1654.9,1626.15
2/27/2020,1641.45,1645.3,1660.35,1635.75
2/28/2020,1641.85,1585.85,1649.35,1565.35
2/29/2020,1622.333333,1587.166667,1636.5,1568.816667
3/1/2020,1602.816667,1588.483333,1623.65,1572.283333
3/2/2020,1583.3,1589.8,1610.8,1575.75
3/3/2020,1590.9,1640.95,1648.95,1589.85
3/4/2020,1642.55,1636.85,1649.75,1632.55
3/5/2020,1637.4,1672.28,1674.2,1635.6
3/6/2020,1672.38,1673.75,1691.5,1647.95
3/7/2020,836.19,1685.575,1694.45,1672.675
3/8/2020,0,1697.4,1697.4,1697.4
3/9/2020,1692.8,1673.6,1702.95,1658.8
3/10/2020,1669.45,1653.8,1671.1,1643.3
3/11/2020,1652.9,1638.35,1670.85,1633.85
3/12/2020,1639.75,1574.8,1649.75,1561.8
3/13/2020,1576.8,1529.3,1597.35,1504.9
3/14/2020,1570.833333,1522.033333,1585.15,1487.183333
3/15/2020,1564.866667,1514.766667,1572.95,1469.466667
3/16/2020,1558.9,1507.5,1560.75,1451.75
3/17/2020,1511.95,1537.15,1552.55,1466
3/18/2020,1538.7,1484.25,1543.45,1473.3
3/19/2020,1485.25,1467.4,1495.65,1463
3/20/2020,1468.2,1498.6,1516.05,1466.05
3/21/2020,1486.1,1494.725,1512.15,1475.8
3/22/2020,1504,1490.85,1508.25,1485.55
3/23/2020,1491,1566.05,1566.3,1485.3
3/24/2020,1563.5,1630.65,1634.65,1561
3/25/2020,1630.85,1611.8,1637.5,1600
3/26/2020,1612.95,1631.8,1643.55,1599.2
3/27/2020,1630.6,1623.5,1632.3,1614.75
3/28/2020,1625.675,1622.75,1627.15,1614.875
3/29/2020,1620.75,1622,1622,1615
3/30/2020,1621.85,1623.58,1631.95,1611.4
3/31/2020,1622.4,1571,1622.5,1570.25
4/1/2020,1573.3,1595.05,1601.15,1570.45
4/2/2020,1592.25,1614.3,1619.55,1581.05
4/3/2020,1615.6,1618.45,1625.1,1607.15
4/4/2020,1617.025,1618.45,1621.775,1612.8
4/5/2020,1618.45,1618.45,1618.45,1618.45
4/6/2020,1614.8,1664.7,1668.85,1609.45
4/7/2020,1666.65,1648.96,1673.4,1643.6
4/8/2020,1648.35,1646,1656.65,1643.15
4/9/2020,1644.75,1683.89,1690.3,1644.3
4/10/2020,1697.5,1696.9,1697.5,1696.9
4/11/2020,1695.416667,1702.7,1706.216667,1691.2
4/12/2020,1693.333333,1708.5,1714.933333,1685.5
4/13/2020,1691.25,1714.3,1723.65,1679.8
4/14/2020,1715.18,1730.45,1746.7,1709.1
4/15/2020,1728.85,1716.9,1731.1,1708.1
4/16/2020,1715.7,1717.7,1738.1,1708.2
4/17/2020,1711.55,1683.85,1717.45,1680.02
4/18/2020,1702.05,1687.276667,1712.466667,1677.53
4/19/2020,1692.55,1690.703333,1707.483333,1675.04
4/20/2020,1683.05,1694.13,1702.5,1672.55
4/21/2020,1695.3,1687.5,1697.3,1662.19
4/22/2020,1686,1715.2,1719,1680.95
4/23/2020,1714.75,1732.54,1738.6,1707.43
4/24/2020,1731.55,1729.43,1736,1710.94
4/25/2020,1733.075,1731.92,1735.3,1722.675
4/26/2020,1734.6,1734.41,1734.6,1734.41
4/27/2020,1722.1,1714.9,1725.87,1706.45
4/28/2020,1714.25,1708.8,1714.78,1692.88
4/29/2020,1707.75,1712.27,1716.3,1698.65
4/30/2020,1711.58,1686.8,1720.4,1681.37
5/1/2020,1686.78,1700.4,1705.15,1670.53
5/2/2020,1690.836667,1700.733333,1707.48,1677.92
5/3/2020,1694.893333,1701.066667,1709.81,1685.31
5/4/2020,1698.95,1701.4,1712.14,1692.7
5/5/2020,1701.7,1707.03,1711.61,1691.92
5/6/2020,1705.55,1685.5,1708.6,1683.08
5/7/2020,1687.7,1717.93,1721.57,1684.4
5/8/2020,1716.05,1702.65,1722.56,1701.61
5/9/2020,1702.65,1702.65,1702.65,1702.65
5/10/2020,1702.65,1702.65,1702.65,1702.65
5/11/2020,1702.55,1697.4,1712.35,1692.19
5/12/2020,1696.9,1702.04,1710.03,1693.7
5/13/2020,1703.9,1715.63,1717.66,1699.4
5/14/2020,1715.18,1732.05,1735.5,1711.1
5/15/2020,1730.3,1743,1751,1728.52
5/16/2020,1743.55,1743.55,1743.55,1743.55
5/17/2020,1745.675,1737.975,1754.15,1735.795
5/18/2020,1747.8,1732.4,1764.75,1728.04
5/19/2020,1732.45,1744.09,1747.2,1726.17
5/20/2020,1745.62,1748.98,1753.5,1742.3
5/21/2020,1747.8,1726.55,1748.7,1717.69
5/22/2020,1726.45,1736.35,1739.7,1724.43
5/23/2020,1736.69,1736.69,1736.69,1736.69
5/24/2020,1736.69,1736.69,1736.69,1736.69
5/25/2020,1732.4,1729.13,1733.15,1722.09
5/26/2020,1727.15,1711.78,1735.05,1708.7
5/27/2020,1711.5,1708.8,1715.35,1693.9
5/28/2020,1708.8,1720.05,1726.83,1708.05
5/29/2020,1719.07,1730.35,1736.79,1712.65
5/30/2020,1730.35,1730.35,1730.35,1730.35
5/31/2020,1732.985,1735.165,1737.45,1729.45
6/1/2020,1735.62,1739.98,1744.55,1728.55
6/2/2020,1737.5,1727.99,1744.35,1721.59
6/3/2020,1728,1698.1,1731.99,1689.13
6/4/2020,1699.7,1713.39,1720.6,1697
6/5/2020,1714.75,1683.65,1716.35,1670.3
6/6/2020,1683.65,1683.65,1683.65,1683.65
6/7/2020,1683.65,1683.65,1683.65,1683.65
6/8/2020,1681.5,1698.51,1700.25,1677.86
6/9/2020,1700.5,1714.5,1720.75,1691.8
6/10/2020,1716.1,1737.07,1739.03,1710.7
6/11/2020,1737.82,1726.3,1744.6,1721.1
6/12/2020,1729.15,1730.8,1742.66,1722.29
6/13/2020,1730.8,1730.8,1730.8,1730.8
6/14/2020,1730.8,1730.8,1730.8,1730.8
6/15/2020,1730.55,1725.75,1733.8,1704.12
6/16/2020,1726.76,1728.57,1732.01,1716.99
6/17/2020,1725.62,1726.63,1729.1,1713.1
6/18/2020,1726.15,1721.95,1736,1717.14
6/19/2020,1723.55,1743.95,1744.5,1721.03
6/20/2020,1743.95,1743.95,1743.95,1743.95
6/21/2020,1743.95,1743.95,1743.95,1743.95
6/22/2020,1747.35,1754.7,1762.03,1742.71
6/23/2020,1754.55,1769.1,1770.8,1747.2
6/24/2020,1769.4,1762.6,1778.7,1760.78
6/25/2020,1760.2,1762.14,1768.42,1755.61
6/26/2020,1764.75,1771.05,1771.65,1747.64
6/27/2020,1771.05,1771.05,1771.05,1771.05
6/28/2020,1771.05,1771.05,1771.05,1771.05
6/29/2020,1771.1,1770.4,1774.8,1765.7
6/30/2020,1772.5,1779.55,1785.85,1765.4
7/1/2020,1781.4,1769.99,1788.66,1759.4
7/2/2020,1772.35,1773.03,1779.6,1757.32
7/3/2020,1775.9,1774.91,1777,1772.8
7/4/2020,0,1784.5,1784.5,1784.5
7/5/2020,887.175,1784.5,1785.7,1777.5
7/6/2020,1774.35,1784.5,1786.9,1770.5
7/7/2020,1785.5,1793.25,1797.15,1773.8
7/8/2020,1794.41,1809.15,1817.45,1791.39
7/9/2020,1809.7,1803.5,1816,1796.25
7/10/2020,1803.51,1799.3,1810.5,1794.2
7/11/2020,1799.3,1799.3,1799.3,1799.3
7/12/2020,1799.3,1799.3,1799.3,1799.3
7/13/2020,1800.1,1802.5,1813.15,1798.25
7/14/2020,1802.7,1808.6,1810.65,1791.9
7/15/2020,1808.6,1809.09,1813.95,1803.05
7/16/2020,1811.4,1797.89,1813.5,1795.11
7/17/2020,1798.35,1809.9,1811.47,1796.15
7/18/2020,1809.9,1809.9,1809.9,1809.9
7/19/2020,1809.9,1809.9,1809.9,1809.9
7/20/2020,1808.35,1817.73,1820.4,1806
7/21/2020,1818.3,1841.9,1843.35,1815.85
7/22/2020,1841.4,1872.53,1872.53,1841.2
7/23/2020,1872.53,1887.3,1897.89,1864.28
7/24/2020,1889.85,1901.65,1906.4,1882.1
7/25/2020,1901.65,1901.65,1901.65,1901.65
7/26/2020,1901.65,1901.65,1901.65,1901.65
7/27/2020,1903.45,1942.55,1945.1,1903.45
7/28/2020,1944.25,1959.6,1980.55,1908.4
7/29/2020,1959.6,1970.92,1979.78,1945.2
7/30/2020,1970.65,1956.05,1971.65,1939.79
7/31/2020,1955.7,1975.9,1978,1955.55
8/1/2020,1975.9,1975.9,1975.9,1975.9
8/2/2020,1975.9,1975.9,1975.9,1975.9
8/3/2020,1981.1,1976.35,1984.7,1960.85
8/4/2020,1977.7,2018.51,2019.5,1969.35
8/5/2020,2021.45,2038.15,2055.48,2010.1
8/6/2020,2040.05,2063.68,2069.1,2035.25
8/7/2020,2067.3,2035.99,2072.9,2016.1
8/8/2020,2035.99,2035.99,2035.99,2035.99
8/9/2020,2035.99,2035.99,2035.99,2035.99
8/10/2020,2028.25,2027.08,2049.7,2020.2
8/11/2020,2027.25,1912.43,2029.75,1902.65
8/12/2020,1917.8,1914.39,1948.4,1866.4
8/13/2020,1919.1,1954.03,1965.75,1912.7
8/14/2020,1951.9,1945.35,1962.65,1934.05
8/15/2020,1945.35,1945.35,1945.35,1945.35
8/16/2020,1945.35,1947.04,1948.35,1945.35
8/17/2020,1944.75,1985.07,1990.5,1930.35
8/18/2020,1983.35,2000.62,2014.7,1977.15
8/19/2020,2004.9,1930.48,2006.55,1924.75
8/20/2020,1931.3,1947.05,1954.91,1925.15
8/21/2020,1948.55,1940.23,1955.55,1912.65
8/22/2020,1944.385,1943.865,1951.525,1926.435
8/23/2020,1940.22,1947.5,1947.5,1940.22
8/24/2020,1935.75,1927.98,1961.4,1924.25
8/25/2020,1930.25,1928.4,1937.5,1914.85
8/26/2020,1928.15,1953.3,1954.3,1903.35
8/27/2020,1952.15,1929.5,1976.5,1912.2
8/28/2020,1930,1964.95,1973.1,1923.8
8/29/2020,1964.95,1964.95,1964.95,1964.95
8/30/2020,1967.2,1966.425,1970.5,1959.825
8/31/2020,1969.45,1967.9,1976.05,1954.7
9/1/2020,1968.65,1970.45,1992.15,1964.19
9/2/2020,1969.22,1942.89,1973.25,1933.5
9/3/2020,1942.41,1930.3,1951,1922.9
9/4/2020,1930.3,1933.83,1941.45,1916.8
9/5/2020,1932.065,1933.83,1937.64,1925.315
9/6/2020,1933.83,1933.83,1933.83,1933.83
9/7/2020,1932.8,1928.55,1941.25,1925.41
9/8/2020,1929.8,1931.35,1940.5,1906.7
9/9/2020,1932.51,1946.5,1950.6,1920.29
9/10/2020,1946.35,1946.35,1966.2,1941.65
9/11/2020,1946.54,1940.4,1954.35,1938.2
9/12/2020,1940.4,1940.4,1940.4,1940.4
9/13/2020,1940.4,1940.4,1940.4,1940.4
9/14/2020,1937.8,1956.7,1962.14,1937.55
9/15/2020,1957.5,1953.88,1972,1948.6
9/16/2020,1954.7,1959.75,1973.03,1950.2
9/17/2020,1959.55,1944.98,1960.95,1932.9
9/18/2020,1944.25,1951.33,1960,1944.25
9/19/2020,0,1962,1962,1962
9/20/2020,0,1962,1962,1962
9/21/2020,1947.75,1912.35,1955.6,1884.09
9/22/2020,1914.58,1900.2,1919.59,1895.1
9/23/2020,1901.15,1863.4,1904.9,1856.11
9/24/2020,1864.25,1868.69,1876.78,1848.99
9/25/2020,1869.85,1861.05,1874.75,1853.3
9/26/2020,1861.05,1861.05,1861.05,1861.05
9/27/2020,1861.05,1855.5,1861.05,1855.5
9/28/2020,1864.7,1880.98,1883.05,1850.2
9/29/2020,1881.05,1897.81,1898.85,1876.08
9/30/2020,1897.75,1885.95,1901.82,1881.59
10/1/2020,1887.5,1906,1911.3,1884.89
10/2/2020,1905.1,1899.7,1916.8,1889.79
10/3/2020,1902.4,1899.7,1908.25,1894.745
10/4/2020,1899.7,1899.7,1899.7,1899.7
10/5/2020,1903.7,1913.45,1918.1,1887.2
10/6/2020,1912.15,1878.3,1920.5,1875.05
10/7/2020,1877.35,1887.3,1898,1873.35
10/8/2020,1887.7,1893.95,1899.7,1882.3
10/9/2020,1894.35,1930.43,1930.5,1893.52
10/10/2020,1930.43,1930.43,1930.43,1930.43
10/11/2020,1930.43,1930.43,1930.43,1930.43
10/12/2020,1927.2,1922.94,1932.95,1918.6
10/13/2020,1924.05,1890.35,1925.35,1887.39
10/14/2020,1893.4,1900.33,1912.55,1883.3
10/15/2020,1901.95,1908.1,1908.85,1889.85
10/16/2020,1908.9,1899.4,1913.5,1897.9
10/17/2020,1904.15,1899.4,1906.45,1898.65
10/18/2020,1899.4,1899.4,1899.4,1899.4
10/19/2020,1900.25,1904.33,1917.75,1897.15
10/20/2020,1903.75,1906.65,1914.1,1895.1
10/21/2020,1910.25,1924.6,1931.2,1908.65
10/22/2020,1924.9,1904.15,1925.9,1895.15
10/23/2020,1905.2,1901.55,1913.95,1895
10/24/2020,1906.1,1899.1,1910.475,1895.425
10/25/2020,1907,1896.65,1907,1895.85
10/26/2020,1895.35,1902.6,1908.1,1895.1
10/27/2020,1902.55,1904.8,1911.05,1898.1
10/28/2020,1905.55,1878.2,1910.55,1870.3
10/29/2020,1877.45,1866.65,1885.05,1859.92
10/30/2020,1867.95,1878.95,1889.3,1865.09
10/31/2020,1878.95,1878.95,1878.95,1878.95
11/1/2020,1878.95,1878.95,1878.95,1878.95
11/2/2020,1879.1,1894.45,1895.7,1873.65
11/3/2020,1895.25,1909.32,1910.21,1887.22
11/4/2020,1909.25,1904.25,1916.3,1885
11/5/2020,1903.75,1949.35,1952.5,1903
11/6/2020,1947.05,1951.25,1960.4,1935.8
11/7/2020,1953.025,1954.725,1959.7,1947
11/8/2020,1959,1958.2,1959,1958.2
11/9/2020,1956.35,1861.68,1965.5,1851.05
11/10/2020,1861,1877.79,1890.05,1861
11/11/2020,1874.5,1865.98,1884.2,1856.3
11/12/2020,1866.9,1878,1883.39,1862.8
11/13/2020,1877.15,1890.41,1896.2,1873.99
11/14/2020,1880.833333,1889.783333,1897.116667,1876.426667
11/15/2020,1884.516667,1889.156667,1898.033333,1878.863333
11/16/2020,1888.2,1888.53,1898.95,1881.3
11/17/2020,1889.45,1879.1,1893.2,1877.1
11/18/2020,1881.9,1873.3,1884.4,1865.25
11/19/2020,1873.86,1867.05,1873.95,1852.83
11/20/2020,1861.55,1870.14,1879.42,1861.05
11/21/2020,1870.14,1870.14,1870.14,1870.14
11/22/2020,1870.14,1870.14,1870.14,1870.14
11/23/2020,1871.1,1838.33,1876.15,1831.19
11/24/2020,1838.7,1807.41,1838.7,1801.01
11/25/2020,1808.25,1807.6,1817.6,1801.7
11/26/2020,1808.7,1811.38,1817.7,1806.7
11/27/2020,1811,1788.5,1811.45,1774.75
11/28/2020,1800.4,1789.15,1800.625,1782.275
11/29/2020,1789.8,1789.8,1789.8,1789.8
11/30/2020,1789.75,1777.1,1789.75,1764.9
12/1/2020,1777.15,1814.8,1816.9,1775.85
12/2/2020,1812.75,1831.05,1832,1807.6
12/3/2020,1829.7,1841.5,1843.8,1824
12/4/2020,1841.3,1839.54,1847.75,1830.25
12/5/2020,1839.95,1846.826667,1854.586667,1828.433333
12/6/2020,1838.6,1854.113333,1861.423333,1826.616667
12/7/2020,1837.25,1861.4,1868.26,1824.8
12/8/2020,1863.15,1869.5,1874.8,1860.35
12/9/2020,1869.6,1839.8,1870.6,1826.03
12/10/2020,1838.45,1836.4,1849.75,1829.3
12/11/2020,1837.1,1838.53,1847.25,1824.79
12/12/2020,1837.166667,1835.02,1844.2,1823.31
12/13/2020,1837.233333,1831.51,1841.15,1821.83
12/14/2020,1837.3,1828,1838.1,1820.35
12/15/2020,1828.45,1853.5,1855.05,1825.6
12/16/2020,1854.1,1865.35,1865.35,1845.31
12/17/2020,1863.8,1885.65,1895.7,1862.2
12/18/2020,1884.35,1882.43,1889.25,1877.39
12/19/2020,1873.425,1874.95,1878.36,1869.945
12/20/2020,1862.5,1867.47,1867.47,1862.5
12/21/2020,1884.15,1877.05,1906.4,1866.5
12/22/2020,1878.95,1860.99,1884.25,1859.1
12/23/2020,1861.1,1872.33,1877.5,1858.65
12/24/2020,1873.2,1857.2,1880.45,1855.33
12/25/2020,0,1908.7,1908.7,1908.7
12/26/2020,954.85,1908.7,1908.7,1908.7
12/27/2020,1909.7,1908.7,1908.7,1908.7
12/28/2020,1888.25,1873.45,1899.8,1869.84
12/29/2020,1874.2,1877.89,1886.2,1872.66
12/30/2020,1877.35,1894.7,1894.7,1876.24
12/31/2020,1893.75,1897.7,1899.5,1885.35
1/1/2021,1895.386667,1898.02,1899.22,1889.786667
1/2/2021,1897.023333,1898.34,1898.94,1894.223333
1/3/2021,1898.66,1898.66,1898.66,1898.66
1/4/2021,1919,1942.14,1944.18,1918.54
1/5/2021,1941.35,1949.48,1952.6,1934.45
1/6/2021,1951.1,1919.05,1958.9,1900.84
1/7/2021,1921.3,1913.05,1927.5,1907.55
1/8/2021,1915.6,1848.88,1917.5,1829.5
1/9/2021,1882.24,1848.88,1883.19,1839.19
1/10/2021,1848.88,1848.88,1848.88,1848.88
1/11/2021,1855.75,1842.51,1855.75,1819.3
1/12/2021,1847.3,1855,1863.5,1837.79
1/13/2021,1855.3,1845.37,1862.54,1843.8
1/14/2021,1847.7,1846.1,1856.75,1832.85
1/15/2021,1848,1828.45,1856.45,1823.59
1/16/2021,1837.75,1827.975,1841.975,1825.545
1/17/2021,1827.5,1827.5,1827.5,1827.5
1/18/2021,1826,1836.9,1840.4,1810.9
1/19/2021,1838.44,1840.3,1845.35,1833.75
1/20/2021,1840.7,1870.53,1871.75,1834.39
1/21/2021,1871.2,1869.65,1875.05,1859.18
1/22/2021,1869.9,1855.9,1870.85,1837.69
1/23/2021,1866.45,1854.325,1866.925,1845.22
1/24/2021,1863,1852.75,1863,1852.75
1/25/2021,1857.95,1855.9,1867.75,1847.6
1/26/2021,1855.2,1850.8,1861.7,1849.02
1/27/2021,1851.3,1844.91,1853.1,1831.95
1/28/2021,1843.05,1842.9,1863.65,1834.2
1/29/2021,1843.1,1847.76,1875.14,1840.1
1/30/2021,921.55,1860.88,1874.57,1857.05
1/31/2021,0,1874,1874,1874
2/1/2021,1854.35,1860,1871,1849.38
2/2/2021,1859.5,1837.9,1863.7,1829.8
2/3/2021,1837.4,1833.85,1844.9,1830.69
2/4/2021,1834.35,1794,1834.8,1785.85
2/5/2021,1795.35,1810.8,1814.7,1792.4
2/6/2021,1803.075,1810.8,1812.75,1801.6
2/7/2021,1810.8,1810.8,1810.8,1810.8
2/8/2021,1810.8,1831.26,1838.52,1807.81
2/9/2021,1830.8,1838.95,1848.29,1828.93
2/10/2021,1838.75,1843.4,1855.03,1834.25
2/11/2021,1844.1,1826.5,1847.6,1821
2/12/2021,1826.55,1822.43,1829.6,1811
2/13/2021,1822.43,1822.43,1822.43,1822.43
2/14/2021,1822.43,1822.43,1822.43,1822.43
2/15/2021,1822.43,1818.85,1826.9,1816.19
2/16/2021,1819.65,1794.95,1826.25,1789.42
2/17/2021,1792.4,1776.35,1794.88,1769.8
2/18/2021,1776.6,1775.7,1788.7,1768.4
2/19/2021,1776.5,1784.05,1790.57,1760.49
2/20/2021,1785.45,1789.225,1792.485,1777.445
2/21/2021,1794.4,1794.4,1794.4,1794.4
2/22/2021,1787.4,1809.95,1812.2,1780.95
2/23/2021,1810,1805.6,1815.55,1796.55
2/24/2021,1806.7,1805,1813.3,1783.59
2/25/2021,1803.25,1769.9,1804.3,1768.1
2/26/2021,1772.05,1734.4,1775.7,1717.85
2/27/2021,1753.225,1734.4,1755.05,1726.125
2/28/2021,1734.4,1734.4,1734.4,1734.4
3/1/2021,1739.45,1724.7,1759.5,1719.94
3/2/2021,1723.45,1738.1,1739.05,1707.7
3/3/2021,1738.3,1709.86,1740.45,1702.4
3/4/2021,1711.4,1698.39,1722.75,1690.7
3/5/2021,1696.55,1700.8,1707.25,1687.4
3/6/2021,1700.8,1700.8,1700.8,1700.8
3/7/2021,1700.8,1700.8,1700.8,1700.8
3/8/2021,1707.2,1684.55,1713.99,1677.1
3/9/2021,1684.9,1715.9,1720.1,1680.09
3/10/2021,1715.4,1726.65,1726.72,1708.3
3/11/2021,1726.6,1722.77,1739.85,1719.8
3/12/2021,1721.8,1726.85,1728.65,1699.45
3/13/2021,1725.65,1726.85,1729.4,1712.605
3/14/2021,1729.5,1726.85,1730.15,1725.76
3/15/2021,1726.95,1731.2,1734.35,1721.99
3/16/2021,1730.65,1732.1,1740.5,1726.18
3/17/2021,1732.25,1747.71,1751.05,1724.69
3/18/2021,1747.48,1736.6,1755,1719.43
3/19/2021,1734,1749.6,1749.6,1728.42
3/20/2021,1749.6,1749.6,1749.6,1749.6
3/21/2021,1746.55,1739.9,1746.55,1739.5
3/22/2021,1739.8,1739.55,1743.05,1727.55
3/23/2021,1739.7,1727.5,1742.35,1724.7
3/24/2021,1727.45,1734.2,1737.8,1724.45
3/25/2021,1734.18,1727.6,1745.1,1722.58
3/26/2021,1727.4,1731.93,1736.5,1721.6
3/27/2021,863.7,1726.215,1728.5,1721.05
3/28/2021,0,1720.5,1720.5,1720.5
3/29/2021,1732.35,1712.3,1732.8,1706
3/30/2021,1712.45,1685.25,1714.15,1679.25
3/31/2021,1684.75,1707.2,1714.6,1678.05
4/1/2021,1707.3,1729.8,1729.95,1705.9
4/2/2021,1729.8,1729.8,1729.8,1729.8
4/3/2021,1729.8,1729.8,1729.8,1729.8
4/4/2021,1729.8,1729.8,1729.8,1729.8
4/5/2021,1729.8,1728.1,1733.2,1721.4
4/6/2021,1728.54,1744.15,1745.2,1727.01
4/7/2021,1743.2,1737.65,1744.09,1730.5
4/8/2021,1737.29,1756.38,1758.7,1733.4
4/9/2021,1755.9,1744.1,1756.9,1731.5
4/10/2021,1744.1,1744.1,1744.1,1744.1
4/11/2021,1744.1,1744.1,1744.1,1744.1
4/12/2021,1742.3,1733.4,1744.6,1727.6
4/13/2021,1733.45,1744.3,1748.5,1723.67
4/14/2021,1745.65,1737.1,1749,1732.7
4/15/2021,1736,1763.6,1769.45,1734.5
4/16/2021,1764.35,1782.5,1783.19,1759.95
4/17/2021,1782.5,1782.5,1782.5,1782.5
4/18/2021,1782.5,1779.5,1783,1779.5
4/19/2021,1775.6,1770.31,1789.9,1766.59
4/20/2021,1770.95,1778,1780.3,1763.66
4/21/2021,1778.15,1793.9,1797.55,1776.18
4/22/2021,1793.95,1784.25,1797.9,1777.2
4/23/2021,1784.3,1778.18,1794.89,1770.97
4/24/2021,1781.4,1778.933333,1791.093333,1770.363333
4/25/2021,1778.5,1779.686667,1787.296667,1769.756667
4/26/2021,1775.6,1780.44,1783.5,1769.15
4/27/2021,1781.45,1776.5,1785.29,1773.9
4/28/2021,1777.1,1780.92,1782.5,1763
4/29/2021,1782.15,1770.8,1790,1757.3
4/30/2021,1771.8,1768.95,1773.6,1764.1
5/1/2021,1808.4,1807.4,1807.4,1807.4
5/2/2021,1808.4,1787.05,1808.41,1787.05
5/3/2021,1767.47,1792.32,1797.09,1767.37
5/4/2021,1792.49,1779.04,1798.59,1772.69
5/5/2021,1778.49,1785.65,1787.99,1770.57
5/6/2021,1786.49,1815.57,1817.39,1782.07
5/7/2021,1814.29,1830.86,1842.59,1813.24
5/8/2021,0,1840.69,1840.69,1840.69
5/9/2021,0,1840.69,1840.69,1840.69
5/10/2021,1831.97,1835.94,1844.89,1830.19
5/11/2021,1836.09,1837.39,1841.39,1818.29
5/12/2021,1836.78,1816.49,1843.17,1813.27
5/13/2021,1814.79,1827.01,1828.19,1809.44
5/14/2021,1826.86,1843.19,1844.16,1820.49
5/15/2021,1832.87,1850.723333,1852.22,1828.24
5/16/2021,1838.88,1858.256667,1860.28,1835.99
5/17/2021,1844.89,1865.79,1868.34,1843.74
5/18/2021,1866.59,1869.89,1874.47,1863.19
5/19/2021,1869.19,1869.59,1889.54,1852.19
5/20/2021,1869.79,1876.84,1883.57,1863.78
5/21/2021,1877.89,1881.3,1888.99,1870.39
5/22/2021,1879.595,1881.3,1885.145,1875.845
5/23/2021,1881.3,1881.3,1881.3,1881.3
5/24/2021,1880.69,1880.24,1887.04,1875.79
5/25/2021,1880.59,1899.14,1900.29,1872.94
5/26/2021,1898.69,1896.74,1912.34,1890.79
5/27/2021,1895.99,1896.79,1902.97,1888.79
5/28/2021,1897.37,1909.49,1909.49,1882.23
5/29/2021,1903.43,1909.39,1909.49,1895.76
5/30/2021,1909.49,1909.29,1909.49,1909.29
5/31/2021,1903.54,1905.74,1910.24,1901.89
6/1/2021,1907.29,1900.49,1916.29,1892.77
6/2/2021,1899.69,1907.75,1908.69,1894.49
6/3/2021,1908.37,1871.36,1909.29,1865.39
6/4/2021,1871.34,1890.97,1895.39,1858.84
6/5/2021,1890.97,1890.97,1890.97,1890.97
6/6/2021,1890.97,1890.97,1890.97,1890.97
6/7/2021,1889.84,1899.59,1899.9,1881.43
6/8/2021,1899.09,1893.09,1902.99,1883.89
6/9/2021,1891.84,1888.22,1898.47,1887.07
6/10/2021,1888.69,1897.8,1899.59,1870.88
6/11/2021,1897.99,1877.64,1902.44,1874.49
6/12/2021,1877.64,1877.64,1877.64,1877.64
6/13/2021,1877.64,1877.64,1877.64,1877.64
6/14/2021,1876.34,1865.89,1877.79,1844.99
6/15/2021,1866.29,1858.11,1868.94,1851.69
6/16/2021,1859.07,1812.66,1861.39,1807.33
6/17/2021,1812.32,1772.73,1824.99,1767.29
6/18/2021,1775.69,1764.34,1795.29,1761.54
6/19/2021,1773.49,1770.64,1792.223333,1763.306667
6/20/2021,1771.29,1776.94,1789.156667,1765.073333
6/21/2021,1769.09,1783.24,1786.09,1766.84
6/22/2021,1784.14,1778.64,1789.94,1772.27
6/23/2021,1779.79,1778.94,1794.49,1773.59
6/24/2021,1778.69,1775.34,1787.79,1773.03
6/25/2021,1776.39,1781.34,1789.99,1773.67
6/26/2021,1774.04,1776.515,1780.84,1772.68
6/27/2021,1771.69,1771.69,1771.69,1771.69
6/28/2021,1782.54,1778.39,1785.74,1770.89
6/29/2021,1778.39,1761.29,1778.69,1751.22
6/30/2021,1762.09,1770.34,1774.19,1753.19
7/1/2021,1770.09,1776.69,1782.39,1765.89
7/2/2021,1776.39,1787.29,1794.94,1774.29
7/3/2021,1778.49,1786.39,1790.215,1777.44
7/4/2021,1780.59,1785.49,1785.49,1780.59
7/5/2021,1787.29,1791.77,1793.79,1784.29
7/6/2021,1791.77,1797.88,1814.89,1790.35
7/7/2021,1796.49,1803.89,1809.27,1793.89
7/8/2021,1803.69,1802.89,1817.89,1794.69
7/9/2021,1803.04,1808.98,1812.07,1796.79
7/10/2021,1804.656667,1808.216667,1811.626667,1795.023333
7/11/2021,1806.273333,1807.453333,1811.183333,1793.256667
7/12/2021,1807.89,1806.69,1810.74,1791.49
7/13/2021,1806.19,1808.27,1816.79,1798.99
7/14/2021,1807.77,1826.92,1829.69,1804.39
7/15/2021,1827.49,1829.44,1833.34,1820.49
7/16/2021,1829.37,1811.89,1831.59,1808.89
7/17/2021,1823.36,1812.406667,1826.756667,1804.283333
7/18/2021,1817.35,1812.923333,1821.923333,1799.676667
7/19/2021,1811.34,1813.44,1817.09,1795.07
7/20/2021,1812.47,1810.29,1824.79,1805.59
7/21/2021,1810.39,1804.05,1813.46,1794.59
7/22/2021,1803.69,1806.79,1807.84,1793.07
7/23/2021,1807.14,1802.34,1809.97,1790.98
7/24/2021,1802.34,1802.34,1802.34,1802.34
7/25/2021,1802.34,1802.34,1802.34,1802.34
7/26/2021,1802.44,1797.49,1811.34,1796.09
7/27/2021,1797.77,1799.14,1804.89,1793.48
7/28/2021,1800.39,1806.3,1809.39,1793.64
7/29/2021,1807.39,1828.14,1832.69,1807.19
7/30/2021,1829.09,1813.79,1831.29,1809.99
7/31/2021,0,1787.19,1787.19,1787.19
8/1/2021,0,1787.19,1787.19,1787.19
8/2/2021,1813.69,1812.74,1819.44,1805.49
8/3/2021,1813.18,1810.34,1814.79,1807.49
8/4/2021,1810.19,1812.03,1831.54,1806.74
8/5/2021,1812.14,1804.52,1814.79,1798.44
8/6/2021,1804.84,1763.09,1804.84,1758.79
8/7/2021,1763.09,1763.09,1763.09,1763.09
8/8/2021,1763.09,1763.09,1763.09,1763.09
8/9/2021,1762.24,1729.47,1762.24,1710.39
8/10/2021,1729.04,1729.09,1738.24,1717.57
8/11/2021,1729.59,1750.9,1754.15,1723.92
8/12/2021,1751.29,1752.74,1757.87,1741.99
8/13/2021,1752.89,1779.79,1780.09,1751.67
8/14/2021,1761.606667,1782.023333,1783.073333,1758.07
8/15/2021,1770.323333,1784.256667,1786.056667,1764.47
8/16/2021,1779.04,1786.49,1789.04,1770.87
8/17/2021,1786.89,1785.89,1795.29,1780.69
8/18/2021,1785.99,1786.72,1793.49,1777.39
8/19/2021,1787.39,1779.5,1791.39,1774.29
8/20/2021,1779.79,1787.59,1788.09,1778.37
8/21/2021,1783.69,1790.14,1790.64,1782.98
8/22/2021,1787.59,1792.69,1793.19,1787.59
8/23/2021,1779.07,1805.79,1805.99,1776.39
8/24/2021,1805.19,1802.79,1809.14,1800.49
8/25/2021,1802.49,1790.64,1802.89,1783.4
8/26/2021,1790.79,1791.22,1797.89,1779.97
8/27/2021,1792.69,1817.24,1818.94,1788.47
8/28/2021,1801.29,1814.856667,1820.183333,1794.876667
8/29/2021,1809.89,1812.473333,1821.426667,1801.283333
8/30/2021,1818.49,1810.09,1822.67,1807.69
8/31/2021,1809.94,1814.45,1818.89,1801.89
9/1/2021,1814.27,1814.24,1819.67,1808.59
9/2/2021,1814.04,1809.39,1817.09,1804.85
9/3/2021,1809.39,1827.19,1833.49,1808.69
9/4/2021,1827.19,1827.19,1827.19,1827.19
9/5/2021,1827.19,1827.19,1827.19,1827.19
9/6/2021,1827.19,1822.77,1827.19,1821.17
9/7/2021,1822.77,1793.89,1822.77,1792.9
9/8/2021,1795.09,1789.04,1801.94,1782.49
9/9/2021,1789.69,1794.54,1800.45,1784.69
9/10/2021,1793.99,1789.27,1803.64,1789.27
9/11/2021,1789.27,1789.27,1789.27,1789.27
9/12/2021,1789.27,1789.27,1789.27,1789.27
9/13/2021,1789.27,1794.22,1797.79,1785.69
9/14/2021,1793.59,1803.92,1808.49,1782.34
9/15/2021,1803.89,1793.69,1806.49,1790.69
9/16/2021,1794.08,1753.24,1796.14,1745.64
9/17/2021,1753.64,1754.49,1767.29,1747.49
9/18/2021,1754.065,1754.49,1760.89,1750.99
9/19/2021,1754.49,1754.49,1754.49,1754.49
9/20/2021,1754.89,1764.44,1766.89,1742.94
9/21/2021,1764.29,1774.19,1781.49,1757.98
9/22/2021,1775.09,1768.14,1786.69,1765.55
9/23/2021,1768.64,1743.49,1775.99,1738.47
9/24/2021,1744.78,1750.34,1757.19,1740.59
9/25/2021,1750.34,1750.34,1750.34,1750.34
9/26/2021,1750.34,1750.34,1750.34,1750.34
9/27/2021,1749.67,1750.87,1760.39,1745.19
9/28/2021,1750.42,1734.47,1754.1,1727.99
9/29/2021,1734.14,1727.28,1745.49,1721.49
9/30/2021,1726.97,1757.64,1763.7,1722.07
10/1/2021,1755.67,1760.54,1763.37,1749.77
10/2/2021,1758.105,1760.54,1761.955,1755.155
10/3/2021,1760.54,1760.54,1760.54,1760.54
10/4/2021,1760.99,1769.44,1770.44,1747.67
10/5/2021,1768.37,1760.09,1769.24,1749.13
10/6/2021,1759.89,1762.89,1764.79,1745.84
10/7/2021,1762.89,1754.43,1766.69,1751.99
10/8/2021,1755.84,1756.64,1780.79,1753.27
10/9/2021,1756.24,1756.64,1768.715,1754.955
10/10/2021,1756.64,1756.64,1756.64,1756.64
10/11/2021,1756.64,1753.99,1760.89,1750.29
10/12/2021,1753.94,1759.94,1769.09,1750.89
10/13/2021,1760.49,1793.94,1795.57,1758.69
10/14/2021,1792.69,1796.09,1799.99,1786.59
10/15/2021,1795.87,1767.59,1796.44,1764.69
10/16/2021,1781.73,1767.59,1782.015,1766.14
10/17/2021,1767.59,1767.59,1767.59,1767.59
10/18/2021,1767.59,1764.69,1771.69,1760.17
10/19/2021,1764.99,1770.04,1784.89,1762.69
10/20/2021,1769.29,1782.19,1788.09,1766.72
10/21/2021,1782.59,1782.84,1788.99,1776.49
10/22/2021,1783.17,1792.79,1813.39,1782.79
10/23/2021,1786.376667,1797.773333,1812.156667,1785.956667
10/24/2021,1789.583333,1802.756667,1810.923333,1789.123333
10/25/2021,1792.79,1807.74,1809.69,1792.29
10/26/2021,1807.19,1792.99,1807.89,1782.59
10/27/2021,1792.67,1797.72,1798.7,1783.39
10/28/2021,1796.29,1799.05,1809.67,1792.5
10/29/2021,1799.5,1783.4,1801.15,1772.1
10/30/2021,0,1769.5,1769.5,1769.5
10/31/2021,1781.35,1780.65,1782.25,1780.4
11/1/2021,1780.59,1791.44,1795.5,1779.1
11/2/2021,1791.38,1787.08,1796,1786.2
11/3/2021,1786.78,1773.55,1787.38,1758.63
11/4/2021,1773.7,1791.15,1798.8,1770.8
11/5/2021,1791.7,1817.73,1818.25,1785.95
11/6/2021,1817.73,1817.73,1817.73,1817.73
11/7/2021,1817.73,1817.73,1817.73,1817.73
11/8/2021,1815.85,1824.05,1826.15,1812.52
11/9/2021,1824.3,1831.85,1832.6,1819.02
11/10/2021,1831.85,1849.2,1859.75,1822.79
11/11/2021,1848.85,1862.2,1865.85,1843.1
11/12/2021,1861.9,1864.9,1868.11,1845.2
11/13/2021,1863.4,1864.9,1866.505,1855.05
11/14/2021,1864.9,1864.9,1864.9,1864.9
11/15/2021,1864.9,1862.8,1869.4,1856.2
11/16/2021,1862.25,1850.6,1876.43,1849.46
11/17/2021,1849.85,1867.4,1867.9,1849.75
11/18/2021,1866.45,1859,1870.9,1855.6
11/19/2021,1859.3,1845.8,1865.11,1843.55
11/20/2021,1845.8,1845.8,1845.8,1845.8
11/21/2021,1845.8,1845.8,1845.8,1845.8
11/22/2021,1844.09,1804.75,1848.8,1802.6
11/23/2021,1808.45,1789.1,1811.79,1782
11/24/2021,1789.11,1788.75,1796.35,1778.8
11/25/2021,1788.3,1789.54,1794.8,1786.21
11/26/2021,1789.54,1792.6,1814.7,1783.5
11/27/2021,1791.07,1792.6,1803.65,1788.05
11/28/2021,1792.6,1792.6,1792.6,1792.6
11/29/2021,1788.6,1784.6,1799.35,1781.6
11/30/2021,1785.25,1775.05,1808.45,1769.7
12/1/2021,1775.95,1780.98,1791.7,1772.3
12/2/2021,1781.9,1767.73,1782.9,1762.19
12/3/2021,1769.5,1783.35,1785.95,1766
12/4/2021,1783.35,1783.35,1783.35,1783.35
12/5/2021,1783.35,1783.35,1783.35,1783.35
12/6/2021,1782,1778.3,1787.25,1776.35
12/7/2021,1779.2,1784.2,1787.55,1772.7
12/8/2021,1784.85,1783.1,1792.72,1779.9
12/9/2021,1783.1,1775,1787.24,1773.87
12/10/2021,1776,1782.7,1787.7,1769.9
12/11/2021,1782.7,1782.7,1782.7,1782.7
12/12/2021,1782.7,1782.7,1782.7,1782.7
12/13/2021,1782.7,1786.65,1791.1,1782.15
12/14/2021,1786.3,1770.5,1789.55,1766.9
12/15/2021,1771.35,1777.66,1780.7,1756.05
12/16/2021,1778.82,1799.4,1799.5,1775.9
12/17/2021,1798.55,1797.95,1813.9,1796
12/18/2021,1797.95,1797.95,1797.95,1797.95
12/19/2021,1797.95,1797.95,1797.95,1797.95
12/20/2021,1800.85,1790.65,1803.8,1788.18
12/21/2021,1791.05,1788.8,1799.9,1785.02
12/22/2021,1789.15,1803.45,1804.65,1786
12/23/2021,1803.4,1808.8,1810.5,1799.5
12/24/2021,1808.8,1802.93,1812.7,1802.93
12/25/2021,1805.865,1802.93,1807.815,1802.93
12/26/2021,1802.93,1802.93,1802.93,1802.93
12/27/2021,1802.93,1812.15,1813.1,1802.93
12/28/2021,1811.95,1805.85,1819.85,1804.79
12/29/2021,1806.34,1804.55,1807.65,1789.33
12/30/2021,1804.3,1814.95,1816.9,1796.34
12/31/2021,1815.45,1821.5,1827.45,1814.6
1/1/2022,1822.25,1825.275,1828.25,1821.825
1/2/2022,1829.05,1829.05,1829.05,1829.05
1/3/2022,1829.05,1801.25,1829.05,1798.3
1/4/2022,1802.8,1814.55,1815.99,1799.3
1/5/2022,1813.88,1810.15,1829.15,1808.39
1/6/2022,1810.4,1790.1,1811.3,1786.4
1/7/2022,1791.3,1796.95,1798.5,1783.93
1/8/2022,1792.583333,1798.466667,1799.783333,1786.12
1/9/2022,1793.866667,1799.983333,1801.066667,1788.31
1/10/2022,1795.15,1801.5,1802.35,1790.5
1/11/2022,1800.45,1821.75,1822.8,1800.45
1/12/2022,1820.75,1826.1,1827.75,1814.8
1/13/2022,1825.71,1822.8,1827.9,1812.2
1/14/2022,1821.5,1817.7,1829.1,1814.6
1/15/2022,1819.6,1817.7,1823.4,1816.15
1/16/2022,1817.7,1817.7,1817.7,1817.7
1/17/2022,1817.5,1819.55,1823.1,1813.07
1/18/2022,1818.48,1813.8,1822.42,1806.09
1/19/2022,1814.25,1840.25,1843.15,1810.35
1/20/2022,1840.05,1839.45,1847.75,1836.3
1/21/2022,1839.1,1833.63,1842.95,1828.42
1/22/2022,1833.63,1833.63,1833.63,1833.63
1/23/2022,1833.63,1833.63,1833.63,1833.63
1/24/2022,1833.4,1843.3,1844.03,1829.49
1/25/2022,1842.85,1848.15,1853.3,1834.9
1/26/2022,1847.65,1819.75,1850.1,1815.6
1/27/2022,1819.85,1797.35,1822.15,1791.58
1/28/2022,1797.2,1796,1799.25,1780.3
1/29/2022,1796,1796,1796,1796
1/30/2022,1792.675,1797.13,1797.825,1790.7
1/31/2022,1789.35,1798.26,1799.65,1785.4
2/1/2022,1797.85,1801.15,1808.5,1795.5
2/2/2022,1800.89,1806.95,1810.65,1794.6
2/3/2022,1806.98,1804.8,1808.6,1788.9
2/4/2022,1804.95,1808,1814.5,1792.5
2/5/2022,1807,1806.82,1807,1806.82
2/6/2022,1806.82,1808.6,1809.6,1806.82
2/7/2022,1808.2,1820.55,1823.09,1808.2
2/8/2022,1821.4,1825.85,1828.5,1815.48
2/9/2022,1825.85,1833.2,1835.47,1824.82
2/10/2022,1833,1826.95,1841.5,1822.4
2/11/2022,1827.02,1858.7,1865.1,1821.6
2/12/2022,1835.26,1851.1,1854.3,1832.55
2/13/2022,1843.5,1843.5,1843.5,1843.5
2/14/2022,1860,1871.55,1873.54,1851
2/15/2022,1870.85,1853.75,1879.19,1844.84
2/16/2022,1854.05,1869.75,1872.2,1850.32
2/17/2022,1869.85,1898.15,1901.15,1867.59
2/18/2022,1898.9,1895.48,1902.45,1886.55
2/19/2022,1897.19,1895.48,1898.965,1891.015
2/20/2022,1895.48,1895.48,1895.48,1895.48
2/21/2022,1895.48,1904.25,1907.7,1887.7
2/22/2022,1911.8,1898.25,1913.98,1893.49
2/23/2022,1898.9,1909.33,1910.5,1889.62
2/24/2022,1910.25,1903.88,1973.45,1881.4
2/25/2022,1907.65,1889.28,1920.9,1883.25
2/26/2022,1889.28,1889.28,1889.28,1889.28
2/27/2022,1889.28,1889.28,1889.28,1889.28
2/28/2022,1906.25,1908.85,1919.2,1891.09
3/1/2022,1908.25,1945.5,1950,1901.3
3/2/2022,1943.5,1928.6,1947.25,1915.1
3/3/2022,1928.55,1936.25,1940.95,1922.11
3/4/2022,1936.8,1974.5,1974.5,1930.17
3/5/2022,1951.95,1982.366667,1983.75,1940.53
3/6/2022,1967.1,1990.233333,1993,1950.89
3/7/2022,1982.25,1998.1,2002.25,1961.25
3/8/2022,1997.75,2049.85,2070.13,1982.5
3/9/2022,2051,1991.02,2059,1978.35
3/10/2022,1991.3,1996.7,2009.2,1971.35
3/11/2022,1997.65,1988.4,1998.75,1959.65
3/12/2022,1991.65,1985.625,1994.095,1966.25
3/13/2022,1985.65,1982.85,1989.44,1972.85
3/14/2022,1979.35,1953.9,1981,1950.45
3/15/2022,1951.4,1916.55,1954.6,1907.2
3/16/2022,1916.8,1925.7,1929.4,1895.75
3/17/2022,1926.45,1942.3,1949.4,1925.4
3/18/2022,1942.1,1921.6,1945.05,1918.35
3/19/2022,1935.55,1920.825,1937.025,1918.575
3/20/2022,1929,1920.05,1929,1918.8
3/21/2022,1919.8,1936.25,1939.83,1918.39
3/22/2022,1935.8,1921.73,1938.05,1911.2
3/23/2022,1920.35,1945.1,1947.99,1915.7
3/24/2022,1945.95,1958.5,1965.5,1937.59
3/25/2022,1958.4,1958.4,1964,1944.32
3/26/2022,1958.4,1958.4,1961.2,1951.36
3/27/2022,1958.4,1958.4,1958.4,1958.4
3/28/2022,1956.05,1922.75,1958,1917.35
3/29/2022,1922.75,1919.55,1928.85,1890.45
3/30/2022,1920.7,1932.7,1937.95,1916.05
3/31/2022,1933.45,1936.9,1949.05,1919.5
4/1/2022,1937.5,1925.3,1939.35,1918.25
4/2/2022,1924,1917.9,1924.925,1914.375
4/3/2022,1910.5,1910.5,1910.5,1910.5
4/4/2022,1922.05,1933.78,1936.5,1916.3
4/5/2022,1933.2,1923.7,1944.1,1918.15
4/6/2022,1923.25,1926.28,1932.48,1915.89
4/7/2022,1925.08,1931.03,1937.11,1920.68
4/8/2022,1932,1946.85,1947.85,1927.79
4/9/2022,1946.85,1946.85,1946.85,1946.85
4/10/2022,1946.85,1946.85,1946.85,1946.85
4/11/2022,1948.1,1954.49,1968.45,1940.35
4/12/2022,1952.65,1966.85,1977.7,1949.95
4/13/2022,1967.1,1978.9,1981.35,1962.9
4/14/2022,1977.35,1973.95,1980.35,1962.05
4/15/2022,1973.95,1974.8,1974.8,1973.95
4/16/2022,1974.8,1974.8,1974.8,1974.8
4/17/2022,1974.8,1974.8,1974.8,1974.8
4/18/2022,1973.1,1978.94,1998.35,1972.45
4/19/2022,1978.62,1950.03,1981.95,1944.5
4/20/2022,1950.1,1957.8,1958.08,1939.65
4/21/2022,1955.75,1952.06,1957.2,1938.55
4/22/2022,1950.65,1930.73,1955.4,1926.9
4/23/2022,1930.73,1930.73,1930.73,1930.73
4/24/2022,1930.73,1930.73,1930.73,1930.73
4/25/2022,1932.55,1898,1934.3,1892.39
4/26/2022,1898.75,1904.63,1911,1895.8
4/27/2022,1906.25,1885.34,1906.79,1881.9
4/28/2022,1885.65,1895.18,1896.7,1873.2
4/29/2022,1895.35,1897.35,1919.32,1892.6
4/30/2022,1896.05,1885.666667,1912.88,1880.323333
5/1/2022,1896.75,1873.983333,1906.44,1868.046667
5/2/2022,1897.45,1862.3,1900,1855.77
5/3/2022,1863.55,1867.95,1877.37,1850.9
5/4/2022,1868.4,1881.55,1889.05,1861.58
5/5/2022,1882.8,1876.9,1909.51,1873.05
5/6/2022,1876.9,1883.4,1892.45,1866.29
5/7/2022,1879.216667,1873.483333,1890.116667,1861.406667
5/8/2022,1881.533333,1863.566667,1887.783333,1856.523333
5/9/2022,1883.85,1853.65,1885.45,1851.64
5/10/2022,1853.5,1838.4,1865.35,1836.2
5/11/2022,1839.3,1852.5,1856.4,1832.2
5/12/2022,1851.5,1821.85,1858.6,1821.3
5/13/2022,1823.1,1811.9,1828.6,1800.3
5/14/2022,0,1779.6,1779.6,1779.6
5/15/2022,0,1779.6,1779.6,1779.6
5/16/2022,1780.6,1824.13,1826.78,1780.6
5/17/2022,1825.13,1815.77,1835.7,1813.09
5/18/2022,1814.79,1816.61,1824.45,1807.89
5/19/2022,1816.17,1841.94,1848.83,1811
5/20/2022,1842.17,1846.68,1848.85,1833
5/21/2022,1846.68,1846.68,1846.68,1846.68
5/22/2022,1846.68,1846.68,1846.68,1846.68
5/23/2022,1849.02,1853.6,1864.81,1844.41
5/24/2022,1853.69,1866.55,1869.49,1849.52
5/25/2022,1865.38,1853.7,1867.9,1843.49
5/26/2022,1853.21,1850.77,1854.23,1841.77
5/27/2022,1851.06,1853.73,1861.8,1848.3
5/28/2022,1853.73,1853.73,1853.73,1853.73
5/29/2022,1853.73,1853.73,1853.73,1853.73
5/30/2022,1852.79,1856.5,1863.87,1848.23
5/31/2022,1856.05,1837.32,1857,1835.49
6/1/2022,1837.29,1846.55,1849.9,1828.8
6/2/2022,1847.1,1868.52,1870.19,1844.15
6/3/2022,1869.1,1851.15,1873.81,1847.44
6/4/2022,1851.15,1851.15,1851.15,1851.15
6/5/2022,1851.15,1851.15,1851.15,1851.15
6/6/2022,1851,1841.43,1856.74,1841.09
6/7/2022,1841.07,1852.36,1855.33,1837.1
6/8/2022,1852.5,1853.36,1859.42,1845.2
6/9/2022,1852.98,1848.27,1855.35,1840.3
6/10/2022,1847.95,1871.46,1875.65,1826.35
6/11/2022,1871.46,1871.46,1871.46,1871.46
6/12/2022,1871.46,1871.46,1871.46,1871.46
6/13/2022,1871.46,1819.34,1876.9,1819.07
6/14/2022,1815.66,1808.56,1830.7,1805.3
6/15/2022,1807.84,1833.77,1840.79,1807.71
6/16/2022,1833.01,1857.45,1857.51,1816.6
6/17/2022,1853.65,1840.35,1853.65,1834.35
6/18/2022,1840.35,1840.35,1840.35,1840.35
6/19/2022,1840.35,1840.35,1840.35,1840.35
6/20/2022,1835.11,1838.87,1846.31,1835.1
6/21/2022,1838.19,1832.96,1843.12,1828.77
6/22/2022,1832.2,1837.72,1845.92,1823.77
6/23/2022,1837.7,1822.77,1844.35,1822.3
6/24/2022,1824.2,1827.18,1831.22,1817.15
6/25/2022,1827.18,1827.18,1827.18,1827.18
6/26/2022,1827.18,1827.18,1827.18,1827.18
6/27/2022,1827.18,1822.85,1840.02,1821.14
6/28/2022,1822.78,1819.95,1829.16,1818.8
6/29/2022,1819.44,1817.63,1832.4,1813.8
6/30/2022,1818.2,1807.31,1823.72,1803.05
7/1/2022,1807.05,1811.18,1811.9,1784.5
7/2/2022,1811.18,1811.18,1811.18,1811.18
7/3/2022,1811.18,1811.18,1811.18,1811.18
7/4/2022,1809.84,1807.97,1813.32,1804.19
7/5/2022,1807.55,1764.88,1811.93,1763.81
7/6/2022,1767.1,1738.78,1772.53,1732.6
7/7/2022,1740.46,1740.06,1748.38,1736.34
7/8/2022,1740.92,1742.82,1750.85,1734.4
7/9/2022,1741.87,1742.82,1746.835,1738.61
7/10/2022,1742.82,1742.82,1742.82,1742.82
7/11/2022,1741.75,1733.99,1744.44,1731.42
7/12/2022,1733.65,1726.17,1738.5,1723.36
7/13/2022,1725.85,1735.38,1744.88,1709
7/14/2022,1736.61,1709.82,1736.61,1698.07
7/15/2022,1710.7,1707.78,1716.35,1699.44
7/16/2022,1709.24,1707.78,1712.065,1703.61
7/17/2022,1707.78,1707.78,1707.78,1707.78
7/18/2022,1706.95,1709.27,1723.4,1706.69
7/19/2022,1710.03,1711.71,1718.09,1705.36
7/20/2022,1711.26,1696.73,1713.46,1693.42
7/21/2022,1696.83,1718.77,1720.3,1681.25
7/22/2022,1718.77,1727.46,1738.57,1715.16
7/23/2022,1723.115,1727.46,1733.015,1721.31
7/24/2022,1727.46,1727.46,1727.46,1727.46
7/25/2022,1726.1,1719.7,1735.75,1715.25
7/26/2022,1719.2,1717.47,1727.71,1713.6
7/27/2022,1717.49,1734.7,1740.1,1712.71
7/28/2022,1734.5,1755.8,1756.96,1734.44
7/29/2022,1755.35,1766.22,1767.55,1752.67
7/30/2022,1766.22,1766.22,1766.22,1766.22
7/31/2022,1766.22,1766.22,1766.22,1766.22
8/1/2022,1766.22,1772.23,1774.21,1758.44
8/2/2022,1771.99,1760.54,1787.7,1760.33
8/3/2022,1761.76,1765.34,1772.2,1754.97
8/4/2022,1765.33,1791.18,1794.78,1763.4
8/5/2022,1790.65,1775.15,1794.78,1771.94
8/6/2022,1775.15,1775.15,1775.15,1775.15
8/7/2022,1775.15,1775.15,1775.15,1775.15
8/8/2022,1775.15,1789.21,1789.62,1771.41
8/9/2022,1788.78,1794.22,1799.08,1783.24
8/10/2022,1794.24,1792.39,1802.15,1787.75
8/11/2022,1792.43,1789.8,1798.55,1783.63
8/12/2022,1789.77,1802.35,1802.44,1784.93
8/13/2022,1802.35,1802.35,1802.35,1802.35
8/14/2022,1802.35,1802.35,1802.35,1802.35
8/15/2022,1802.35,1779.75,1802.35,1773.3
8/16/2022,1779.19,1775.98,1782.82,1771.86
8/17/2022,1775.86,1761.66,1782.07,1760.17
8/18/2022,1762.55,1758.84,1771.9,1756.22
8/19/2022,1759.19,1747.4,1759.19,1745.69
8/20/2022,1747.4,1747.4,1747.4,1747.4
8/21/2022,1747.4,1747.4,1747.4,1747.4
8/22/2022,1747.4,1736.36,1748.8,1728.01
8/23/2022,1736.05,1748.13,1753.5,1731.03
8/24/2022,1747.48,1751.39,1754.83,1742.87
8/25/2022,1751.4,1758.94,1765.46,1750.12
8/26/2022,1757.96,1737.86,1758.62,1734.26
8/27/2022,1737.86,1737.86,1737.86,1737.86
8/28/2022,1737.86,1737.86,1737.86,1737.86
8/29/2022,1735.31,1738.36,1744.79,1720.56
8/30/2022,1737.94,1723.83,1740.56,1721.31
8/31/2022,1723.35,1710.96,1726.43,1709.73
9/1/2022,1711.13,1696.4,1711.43,1689.05
9/2/2022,1697.14,1712.44,1717.73,1694.98
9/3/2022,1712.44,1712.44,1712.44,1712.44
9/4/2022,1712.44,1712.44,1712.44,1712.44
9/5/2022,1712.44,1710.56,1715.7,1707.85
9/6/2022,1710.91,1701.51,1726.15,1699.93
9/7/2022,1702.43,1718.36,1719.35,1691.53
9/8/2022,1718.43,1707.54,1727.83,1704.1
9/9/2022,1708.78,1717.05,1729.23,1708.63
9/10/2022,1717.05,1717.05,1717.05,1717.05
9/11/2022,1717.05,1717.05,1717.05,1717.05
9/12/2022,1718.3,1724.76,1734.75,1712.03
9/13/2022,1724.75,1701.93,1731.48,1697.24
9/14/2022,1700.88,1696.05,1706.85,1693.61
9/15/2022,1697.36,1664.27,1698.25,1660.47
9/16/2022,1664.2,1672.66,1679.99,1654.43
9/17/2022,1672.66,1672.66,1672.66,1672.66
9/18/2022,1672.66,1672.66,1672.66,1672.66
9/19/2022,1674.35,1676.09,1680.03,1659.99
9/20/2022,1675.66,1663.67,1679.2,1660.01
9/21/2022,1664.96,1674.28,1687.41,1654.79
9/22/2022,1671.56,1671.31,1684.6,1656.15
9/23/2022,1671.3,1644.09,1675.7,1639.99
9/24/2022,1644.09,1644.09,1644.09,1644.09
9/25/2022,1644.09,1644.09,1644.09,1644.09
9/26/2022,1642.61,1622.12,1649.55,1621.2
9/27/2022,1624.35,1629.09,1642.15,1623.91
9/28/2022,1629.47,1659.7,1662.75,1615.05
9/29/2022,1659.25,1660.8,1664.55,1641.53
9/30/2022,1662.18,1660.67,1674.95,1659.35
10/1/2022,1660.67,1660.67,1660.67,1660.67
10/2/2022,1660.67,1660.67,1660.67,1660.67
10/3/2022,1664,1699.85,1701.2,1659.7
10/4/2022,1698.97,1726.51,1729.08,1695.07
10/5/2022,1724.85,1716.06,1727.61,1701.06
10/6/2022,1715.38,1711.11,1725.4,1707.05
10/7/2022,1711.63,1694.79,1714.75,1691.03
10/8/2022,1694.79,1694.79,1694.79,1694.79
10/9/2022,1694.79,1694.79,1694.79,1694.79
10/10/2022,1696.25,1668.51,1699.88,1665.83
10/11/2022,1668.25,1666.1,1683.85,1661.16
10/12/2022,1666.59,1673.27,1678.07,1661.45
10/13/2022,1673.87,1666.32,1682.05,1642.96
10/14/2022,1665.9,1644.45,1671.44,1640.39
10/15/2022,1644.45,1644.45,1644.45,1644.45
10/16/2022,0,1644.45,0,0
10/17/2022,1644.45,1650.47,1668.1,1644.2
10/18/2022,1650.8,1652.38,1660.78,1646.12
10/19/2022,1652.34,1629.15,1654.4,1627.85
10/20/2022,1629.36,1628.19,1645.17,1622.44
10/21/2022,1628.07,1657.66,1657.84,1618.06
10/22/2022,1657.66,1657.66,1657.66,1657.66
10/23/2022,0,1657.66,0,0
10/24/2022,1661.84,1649.7,1669.02,1644.08
10/25/2022,1650.07,1653.22,1660.44,1638.23
10/26/2022,1651.64,1664.77,1674.48,1649.53
10/27/2022,1664.38,1663.32,1670.34,1655.52
10/28/2022,1661.86,1642.76,1666.91,1638.29
10/29/2022,1642.76,1642.76,1642.76,1642.76
10/30/2022,0,1644.38,1644.71,1642.11
10/31/2022,1644.49,1632.85,1645.38,1631.81
11/1/2022,1632.95,1646.43,1656.43,1631.02
11/2/2022,1646.96,1633.55,1668.9,1633.43
11/3/2022,1632.57,1630.22,1640.7,1616.59
11/4/2022,1630.05,1681.27,1681.56,1629.24
11/5/2022,1681.27,1681.27,1681.27,1681.27
11/6/2022,0,1681.34,1681.34,0
11/7/2022,1675.91,1675.39,1681.31,1666.81
11/8/2022,1674.55,1713.33,1716.8,1664.8
11/9/2022,1711.09,1706.67,1722.03,1702.2
11/10/2022,1705.87,1755.15,1756.85,1703.67
11/11/2022,1753.35,1770.7,1772.67,1747.28
11/12/2022,1770.7,1770.7,1770.7,1770.7
11/13/2022,1770.7,1770.7,1770.7,1770.7
11/14/2022,1763.79,1770.73,1774.78,1753.39
11/15/2022,1770.6,1779.2,1786.01,1766.97
11/16/2022,1778.5,1773.22,1785,1770.21
11/17/2022,1772.97,1760.18,1774.61,1754.69
11/18/2022,1760.56,1749.97,1767.41,1747.45
11/19/2022,1749.97,1749.97,1749.97,1749.97
11/20/2022,0,1750.55,1750.55,0
11/21/2022,1751.29,1737.84,1753.04,1732.4
11/22/2022,1738.72,1739.86,1749.31,1737.05
11/23/2022,1740.07,1750.77,1752.48,1728.5
11/24/2022,1749.86,1756.17,1758.58,1749.45
11/25/2022,1754.93,1754.58,1760.99,1745.86
11/26/2022,1754.58,1754.58,1754.58,1754.58
11/27/2022,0,1754.58,0,0
11/28/2022,1754.58,1740.84,1763.47,1739.52
11/29/2022,1740.68,1748.9,1758.73,1740.08
11/30/2022,1749,1768,1769.89,1744.78
12/1/2022,1770.36,1803.22,1803.41,1769.52
12/2/2022,1802.16,1797.95,1804.4,1790.32
12/3/2022,1797.95,1797.95,1797.95,1797.95
12/4/2022,1797.95,1797.94,1797.95,1797.94
12/5/2022,1795.3,1767.05,1809.76,1765.7
12/6/2022,1767.9,1770.07,1780.7,1767.12
12/7/2022,1770.9,1785.78,1790.3,1768.77
12/8/2022,1786.13,1789.59,1794.6,1781.35
12/9/2022,1789.56,1796.85,1805.86,1788.28
12/10/2022,1796.85,1796.85,1796.85,1796.85
12/11/2022,0,1796.85,0,0
12/12/2022,1796.85,1781.56,1796.85,1777.71
12/13/2022,1781.24,1811.37,1814.8,1780.82
12/14/2022,1810.84,1807.35,1813.03,1796.53
12/15/2022,1806.7,1777.11,1808.58,1774.42
12/16/2022,1776.26,1792.41,1794.14,1774.38
12/17/2022,1792.41,1792.41,1792.41,1792.41
12/18/2022,0,1790.07,1793.63,1790.07
12/19/2022,1792.51,1787.39,1798.17,1783.93
12/20/2022,1787.34,1817.82,1820.45,1784.66
12/21/2022,1817.8,1814.13,1823.5,1811.62
12/22/2022,1814.04,1791.83,1820.45,1784.74
12/23/2022,1793.01,1798.16,1802.88,1790.97
12/24/2022,1798.16,1798.16,1798.16,1798.16
12/25/2022,0,1798.24,1798.24,0
12/26/2022,1798.24,1798.24,1798.24,1798.24
12/27/2022,1796.68,1812.83,1832.35,1796.52
12/28/2022,1813.77,1802.65,1814.49,1796.99
12/29/2022,1805.24,1810.33,1819.83,1804.27
12/30/2022,1814.32,1824.56,1825.85,1813.43
12/31/2022,1817.446667,1824.293333,1826.143333,1816.853333
1/1/2023,1820.573333,1824.026667,1826.436667,1820.276667
1/2/2023,1823.7,1823.76,1826.73,1823.7
1/3/2023,1828.53,1840.53,1849.95,1824.48
1/4/2023,1838.61,1855.46,1864.61,1836.34
1/5/2023,1854.5,1834.45,1858.76,1825.08
1/6/2023,1831.97,1866.07,1869.72,1831.36
1/7/2023,1866.07,1866.07,1866.07,1866.07
1/8/2023,0,1865.46,0,1865.34
1/9/2023,1867.05,1872.87,1880.9,1865.92
1/10/2023,1870.76,1877.71,1880.38,1867.71
1/11/2023,1877.42,1876.55,1886.59,1867.15
1/12/2023,1876.73,1896.95,1901.34,1875.66
1/13/2023,1895.79,1920.44,1921.67,1892.16
1/14/2023,1920.44,1920.44,1920.44,1920.44
1/15/2023,1920.55,1920.55,1920.55,1920.55
1/16/2023,1918.83,1915.42,1928.66,1910.9
1/17/2023,1916.55,1908.65,1918.74,1903.55
1/18/2023,1908.34,1904.27,1925.53,1896.44
1/19/2023,1903.48,1932.42,1934.98,1900.92
1/20/2023,1932.42,1926.96,1937.18,1920.62
1/21/2023,1926.96,1926.96,1926.96,1926.96
1/22/2023,1926.96,1926.37,1926.96,1926.08
1/23/2023,1924.68,1930.99,1935.34,1912.12
1/24/2023,1931.4,1937.89,1942.27,1918.02
1/25/2023,1937.55,1947.31,1947.31,1920.22
1/26/2023,1946.56,1929.13,1949.08,1919.04
1/27/2023,1929.76,1928.08,1934.7,1917.01
1/28/2023,1928.08,1928.8,1928.8,1928.08
1/29/2023,1928.8,1928.2,1928.8,1928.15
1/30/2023,1924.73,1922.49,1930.53,1920.95
1/31/2023,1922.61,1928.83,1930.99,1901.04
2/1/2023,1927.81,1950.36,1954.21,1920.73
2/2/2023,1953.14,1912.82,1959.52,1911.39
2/3/2023,1912.72,1865.75,1918.58,1861.38
2/4/2023,1865.75,1865.75,1865.75,1865.75
2/5/2023,1865.75,1865.11,1865.75,1865.09
2/6/2023,1865.42,1870.02,1881.1,1863.07
2/7/2023,1867.92,1872.24,1883.68,1865.24
2/8/2023,1873.01,1876.31,1885.83,1869.72
2/9/2023,1875.01,1861.43,1890.06,1858.8
2/10/2023,1861.93,1864.82,1871.67,1852.57
2/11/2023,1864.82,1864.82,1864.82,1864.82
2/12/2023,1864.87,1866.6,1866.6,1864.87
2/13/2023,1865.21,1853.62,1865.94,1850.38
2/14/2023,1853.63,1855.71,1869.73,1843.69
2/15/2023,1853.74,1834.14,1859.53,1830.82
2/16/2023,1836.73,1837.87,1845.14,1827.54
2/17/2023,1835.35,1841.46,1843.53,1818.75
2/18/2023,1841.46,1841.46,1841.46,1841.46
2/19/2023,1841.46,1841.46,1841.46,1841.46
2/20/2023,1841.46,1841.44,1847.38,1837.2
2/21/2023,1842.29,1835.13,1843.67,1830.27
2/22/2023,1835.06,1825.26,1845.57,1823.66
2/23/2023,1825.46,1824.29,1833.8,1817.84
2/24/2023,1822.67,1811.04,1827.83,1809.08
2/25/2023,1811.04,1811.04,1811.04,1811.04
2/26/2023,0,1811.04,0,0
2/27/2023,1812.06,1816.48,1820.03,1806.77
2/28/2023,1817.48,1826.65,1830.97,1805.18
3/1/2023,1827.09,1836.79,1844.49,1823.15
3/2/2023,1837.7,1835.8,1838.65,1830.15
3/3/2023,1836.45,1855.22,1856.36,1836.44
3/4/2023,1855.22,1855.22,1855.22,1855.22
3/5/2023,0,1855.36,1855.36,0
3/6/2023,1853.65,1848.13,1857.88,1845.34
3/7/2023,1846.37,1813.51,1851.61,1812.8
3/8/2023,1814.19,1815.38,1823.92,1809.53
3/9/2023,1814.6,1829.94,1835.08,1812.3
3/10/2023,1831.11,1868.14,1870.03,1827.84
3/11/2023,1868.14,1868.14,1868.14,1868.14
3/12/2023,0,1879.43,1893.71,0
3/13/2023,1886.39,1910.47,1914.51,1871.64
3/14/2023,1910.36,1904.14,1914.1,1895.74
3/15/2023,1904.64,1919.62,1937.07,1885.96
3/16/2023,1921.16,1919.35,1933.31,1907.66
3/17/2023,1920.04,1989.01,1989.24,1918.55
3/18/2023,1989.01,1989.01,1989.01,1989.01
3/19/2023,0,1989.01,0,0
3/20/2023,1976.58,1978.4,2009.3,1966.38
3/21/2023,1978.19,1941.43,1985.08,1935.57
3/22/2023,1942.01,1967.25,1977.93,1934.97
3/23/2023,1967.5,1991.03,2003.14,1966.3
3/24/2023,1992.64,1977.47,2002.8,1975.25
3/25/2023,1977.47,1977.66,1977.66,1977.47
3/26/2023,1977.66,1977.66,1977.66,1977.66
3/27/2023,1975.36,1956.92,1978.65,1944.5
3/28/2023,1957.81,1974.06,1975.2,1949.35
3/29/2023,1973.51,1964.39,1974.45,1958.94
3/30/2023,1964.09,1978.62,1984.31,1955.8
3/31/2023,1980.05,1969.84,1986.67,1967.05
4/1/2023,1969.84,1969.84,1969.84,1969.84
4/2/2023,1969.84,1969.84,1969.84,1969.84
4/3/2023,1969.84,1984.48,1990.48,1949.8
4/4/2023,1985.36,2020.34,2024.95,1977.25
4/5/2023,2021.29,2020.73,2031.93,2010.79
4/6/2023,2021.51,2008.37,2021.51,2001.36
4/7/2023,2008.37,2008.27,2009.4,2008.27
4/8/2023,2008.27,2008.27,2008.27,2008.27
4/9/2023,2008.27,2008.37,2008.37,2008.27
4/10/2023,2009.82,1990.33,2009.88,1981.75
4/11/2023,1991.59,2003.19,2007.4,1988.89
4/12/2023,2003.67,2014.21,2028.05,2001.86
4/13/2023,2014.36,2040.06,2048.27,2014.14
4/14/2023,2040.31,2004.4,2047.44,1992.73
4/15/2023,2004.4,2004.4,2004.4,2004.4
4/16/2023,2004.4,2004.4,2004.4,2004.4
4/17/2023,2002.78,1995.12,2014.9,1981.41
4/18/2023,1994.82,2005.3,2011.8,1991.51
4/19/2023,2005.34,1993.59,2008.1,1969.36
4/20/2023,1994.66,2004.69,2012.15,1990.65
4/21/2023,2004.24,1982.44,2005.5,1971.89
4/22/2023,1982.44,1982.44,1982.44,1982.44
4/23/2023,1982.44,1982.44,1982.44,1982.44
4/24/2023,1982.44,1989.25,1990.85,1974.95
4/25/2023,1992.26,1998.24,2003.72,1976.2
4/26/2023,1997.43,1989.85,2008.56,1983.58
4/27/2023,1990.09,1988.24,2003.17,1974.84
4/28/2023,1987.58,1989.7,1994.86,1978.18
4/29/2023,1989.7,1989.7,1989.7,1989.7
4/30/2023,0,1989.7,0,0
5/1/2023,1989.93,1982.42,2005.73,1977.26
5/2/2023,1981.93,2016.69,2018.97,1978.64
5/3/2023,2016.2,2039.37,2040.3,2010.29
5/4/2023,2045.55,2051.72,2062.83,2030.85
5/5/2023,2049.13,2016.57,2052.95,1999.8
5/6/2023,2016.57,2016.57,2016.57,2016.57
5/7/2023,2016.57,2016.57,2016.57,2016.57
5/8/2023,2016.6,2021.64,2029.36,2014.61
5/9/2023,2020.93,2034.43,2037.44,2019.6
5/10/2023,2034.31,2029.77,2047.89,2021.77
5/11/2023,2030.04,2015.88,2039.11,2011.54
5/12/2023,2015.2,2011.41,2022.28,2001.6
5/13/2023,2011.41,2011.41,2011.41,2011.41
5/14/2023,0,2011.41,0,0
5/15/2023,2010.25,2020.95,2021.81,2008.71
5/16/2023,2016.57,1988.94,2018.5,1985.62
5/17/2023,1988.31,1982.09,1993,1975.35
5/18/2023,1982.49,1958.43,1985.87,1952.08
5/19/2023,1958.39,1977.8,1983.25,1954.17
5/20/2023,1977.8,1977.8,1977.8,1977.8
5/21/2023,1977.8,1977.8,1977.8,1977.8
5/22/2023,1978.94,1969.79,1982.5,1969.33
5/23/2023,1971.86,1975.22,1977.61,1954.26
5/24/2023,1976.37,1957.36,1985.15,1956.9
5/25/2023,1958.5,1940.69,1964.74,1938.99
5/26/2023,1941.77,1946.71,1957.29,1937.74
5/27/2023,1946.71,1946.71,1946.71,1946.71
5/28/2023,1946.71,1946.61,1946.71,1946.61
5/29/2023,1943.84,1943.1,1949.73,1940.55
5/30/2023,1943.35,1959.52,1963.56,1932.28
5/31/2023,1958.83,1962.67,1974.25,1953.85
6/1/2023,1963.37,1978.15,1982.97,1953.6
6/2/2023,1977.04,1948.02,1983.4,1947.84
6/3/2023,1948.02,1948.02,1948.02,1948.02
6/4/2023,1948.02,1948.02,1948.02,1948.02
6/5/2023,1947.7,1962.11,1964,1938.19
6/6/2023,1961.43,1963.41,1966.33,1954.67
6/7/2023,1963.29,1939.99,1969.88,1939.95
6/8/2023,1941.09,1968.1,1970.3,1941.09
6/9/2023,1966.25,1960.99,1971.55,1957.08
6/10/2023,1960.99,1960.99,1960.99,1960.99
6/11/2023,0,1960.99,0,0
6/12/2023,1959.76,1957.65,1966.9,1949.3
6/13/2023,1957.02,1943.67,1968.57,1940.14
6/14/2023,1944.1,1943.45,1960.2,1939.9
6/15/2023,1943.65,1958.03,1960.29,1926.05
6/16/2023,1957.76,1957.85,1967.8,1953.55
6/17/2023,1957.85,1957.85,1957.85,1957.85
6/18/2023,1957.85,1957.85,1957.85,1957.85
6/19/2023,1958.55,1950.42,1958.64,1948
6/20/2023,1951.6,1936.29,1956.75,1929.91
6/21/2023,1936.5,1932.6,1939.3,1920.35
6/22/2023,1933.31,1913.85,1934.95,1912.55
6/23/2023,1914.33,1921.7,1936.17,1910.27
6/24/2023,1921.7,1921.7,1921.7,1921.7
6/25/2023,1921.7,1921.62,1921.7,1921.62
6/26/2023,1923.38,1923.21,1933.36,1921.75
6/27/2023,1924.02,1913.73,1930.61,1911.4
6/28/2023,1914.42,1907.78,1917.05,1902.8
6/29/2023,1908.5,1908.53,1913,1893.3
6/30/2023,1909,1919.38,1922.7,1900.62
7/1/2023,1919.38,1919.38,1919.38,1919.38
7/2/2023,1919.38,1919.38,1919.38,1919.38
7/3/2023,1918.58,1921.78,1930.9,1910.21
7/4/2023,1921.35,1925.4,1930.7,1920.05
7/5/2023,1925.4,1917.7,1934.95,1914.87
7/6/2023,1916.31,1911.08,1927.49,1902.75
7/7/2023,1911.17,1925.57,1934.75,1909.65
7/8/2023,1925.57,1925.57,1925.57,1925.57
7/9/2023,1925.57,1925.57,1925.57,1925.57
7/10/2023,1925.53,1925.37,1928.19,1912.8
7/11/2023,1925.35,1932.37,1938.27,1924.45
7/12/2023,1932.32,1957.44,1959.55,1932.32
7/13/2023,1957.89,1961.59,1963.35,1953
7/14/2023,1960.49,1955.32,1963.8,1951.17
7/15/2023,1955.32,1955.32,1955.32,1955.32
7/16/2023,1955.32,1955.32,1955.32,1955.32
7/17/2023,1954.56,1955.11,1959.75,1945.95
7/18/2023,1954.7,1978.97,1984.25,1954.7
7/19/2023,1979,1977.61,1980.85,1969.81
7/20/2023,1978.19,1969.99,1987.5,1965.54
7/21/2023,1970.55,1961.33,1973.75,1956.9
7/22/2023,1961.33,1961.33,1961.33,1961.33
7/23/2023,1961.74,1958.105,1964.54,1957.425
7/24/2023,1962.15,1954.88,1967.75,1953.52
7/25/2023,1955.32,1964.94,1965.56,1953.33
7/26/2023,1964.92,1972.44,1977.75,1962.15
7/27/2023,1971.19,1944.37,1982.1,1942.65
7/28/2023,1946.67,1959.67,1963.51,1945.58
7/29/2023,1959.67,1959.67,1959.67,1959.67
7/30/2023,1959.67,1959.67,1959.67,1959.67
7/31/2023,1959.67,1965.1,1972.31,1951.69
8/1/2023,1965.62,1944.4,1966.05,1941.39
8/2/2023,1949.18,1934.5,1954.65,1933.2
8/3/2023,1935.17,1934.12,1938.96,1929.7
8/4/2023,1934.71,1942.87,1946.25,1930.45
8/5/2023,1942.87,1942.87,1942.87,1942.87
8/6/2023,1942.87,1942.87,1942.87,1942.87
8/7/2023,1942.55,1936.76,1946.71,1931.75
8/8/2023,1936.35,1925.1,1938.05,1923
8/9/2023,1925.11,1914.94,1932.38,1914.15
8/10/2023,1915.67,1912.39,1929.54,1912.25
8/11/2023,1912.8,1913.67,1920.94,1911.1
8/12/2023,1913.67,1913.67,1913.67,1913.67
8/13/2023,0,1913.67,0,0
8/14/2023,1913.67,1908.29,1916.05,1902.85
8/15/2023,1907.37,1901.95,1911.56,1896.47
8/16/2023,1902.39,1892.15,1907.2,1891.7
8/17/2023,1894.66,1889.38,1903.3,1885.15
8/18/2023,1889.66,1889.4,1896.8,1886.94
8/19/2023,1889.4,1889.4,1889.4,1889.4
8/20/2023,1889.4,1889.4,1889.4,1889.4
8/21/2023,1890.01,1894.88,1898.65,1884.98
8/22/2023,1894.75,1897.85,1904.36,1889.6
8/23/2023,1897.81,1915.51,1920.35,1897.71
8/24/2023,1917.18,1917.81,1923.25,1911.9
8/25/2023,1916.96,1914.23,1922.2,1904.05
8/26/2023,1914.23,1914.23,1914.23,1914.23
8/27/2023,0,1914.23,0,0
8/28/2023,1914.23,1920.23,1925.94,1913.2
8/29/2023,1920.27,1937.48,1938.16,1914.65
8/30/2023,1937.26,1942.61,1948.67,1935.11
8/31/2023,1943.79,1940.11,1947.76,1939.21
9/1/2023,1940.11,1939.85,1952.47,1934.9
9/2/2023,1939.85,1938.51,1946.3,1936.8
9/3/2023,1941.975,1941.305,1946.3,1938.19
9/4/2023,1944.1,1944.1,1946.3,1939.58
9/5/2023,1938.81,1926.16,1939,1925.46
9/6/2023,1926.32,1916.61,1929.1,1915.35
9/7/2023,1917.39,1919.57,1923.55,1916.35
9/8/2023,1919.58,1919.16,1929.54,1917.38
9/9/2023,1919.16,1919.16,1919.16,1919.16
9/10/2023,1919.16,1919.16,1919.16,1919.16
9/11/2023,1919.6,1922.36,1930.37,1917.7
9/12/2023,1922.82,1913.55,1924.4,1907.85
9/13/2023,1913.46,1906.68,1915.65,1905.88
9/14/2023,1909.22,1910.68,1912.95,1900.97
9/15/2023,1910.76,1923.6,1930.4,1909.74
9/16/2023,1923.6,1923.6,1923.6,1923.6
9/17/2023,1923.6,1923.72,1923.72,1923.6
9/18/2023,1924.4,1933.64,1934.3,1922.71
9/19/2023,1933.66,1931.57,1937.25,1929.72
9/20/2023,1932.33,1930.47,1947.45,1927.89
9/21/2023,1930.18,1920.07,1931.57,1914.05
9/22/2023,1919.97,1925.52,1928.95,1919.95
9/23/2023,1925.52,1925.52,1925.52,1925.52
9/24/2023,1925.52,1925.52,1925.52,1925.52
9/25/2023,1925.91,1916.03,1927.05,1915.29
9/26/2023,1916.22,1900.82,1916.81,1899.32
9/27/2023,1900.97,1875.07,1903.8,1872.55
9/28/2023,1876.41,1864.91,1879.4,1857.95
9/29/2023,1865.27,1848.76,1879.45,1846.41
9/30/2023,1848.76,1848.76,1848.76,1848.76
10/1/2023,1848.76,1848.76,1848.76,1848.76
10/2/2023,1848.76,1827.92,1848.95,1827.4
10/3/2023,1828.61,1823.18,1832.75,1815.35
10/4/2023,1823.81,1821.43,1829.9,1816.7
10/5/2023,1821.92,1820.38,1829.16,1813.83
10/6/2023,1820.83,1831.66,1834.83,1810.75
10/7/2023,1831.66,1831.66,1831.66,1831.66
10/8/2023,1831.66,1831.66,1831.66,1831.66
10/9/2023,1833.38,1861.27,1863.45,1833.38
10/10/2023,1861.07,1860.48,1865.35,1853.1
10/11/2023,1860.2,1874.1,1877.02,1858.75
10/12/2023,1874.42,1869.02,1884.51,1867.42
10/13/2023,1869.6,1932.97,1932.97,1869.3
10/14/2023,1932.97,1932.97,1932.97,1932.97
10/15/2023,1932.97,1932.97,1932.97,1932.97
10/16/2023,1932.97,1920.14,1934.7,1908.2
10/17/2023,1919.8,1923.7,1931.35,1912.5
10/18/2023,1923.46,1948.29,1962.35,1923.36
10/19/2023,1948.07,1974.31,1977.65,1945.18
10/20/2023,1973.15,1981.42,1997.2,1972.15
10/21/2023,1981.42,1981.42,1981.42,1981.42
10/22/2023,1981.42,1981.42,1981.42,1981.42
10/23/2023,1981.82,1972.97,1982.85,1964.5
10/24/2023,1973.6,1971.36,1980.7,1954.8
10/25/2023,1970.14,1979.97,1986.77,1968.45
10/26/2023,1980.5,1985.17,1993.3,1972.06
10/27/2023,1984.1,2006.52,2009.4,1977.1
10/28/2023,2006.52,2006.52,2006.52,2006.52
10/29/2023,2006.52,2002.45,2006.8,1997.84
10/30/2023,2002,1995.29,2006.54,1991.5
10/31/2023,1995,1985,2007.25,1979.7
11/1/2023,1985,1983.8,1991.94,1970.24
11/2/2023,1984.38,1985.13,1991,1978.95
11/3/2023,1985.17,1992.52,2003.79,1983.41
11/4/2023,1992.52,1992.52,1992.52,1992.52
11/5/2023,1992.52,1992.52,1992.52,1992.52
11/6/2023,1992.52,1977.8,1993.16,1977.44
11/7/2023,1978.15,1969.2,1978.26,1956.85
11/8/2023,1969.15,1950.23,1971.03,1947.72
11/9/2023,1951.07,1958.57,1965.55,1944.95
11/10/2023,1958.23,1937.05,1960.86,1933.27
11/11/2023,1937.05,1937.05,1937.05,1937.05
11/12/2023,1937.05,1937.05,1937.05,1937.05
11/13/2023,1940.34,1946.15,1949.15,1931.93
11/14/2023,1946.35,1963.61,1970.6,1943.81
11/15/2023,1962.79,1959.49,1974.54,1955.96
11/16/2023,1960.56,1981.95,1987.95,1956.61
11/17/2023,1981.37,1980.39,1993.38,1978.76
11/18/2023,1980.39,1980.39,1980.39,1980.39
11/19/2023,1980.39,1980.39,1980.39,1980.39
11/20/2023,1977.77,1977.84,1985.22,1965.85
11/21/2023,1978.85,1998.44,2007.5,1978.74
11/22/2023,1998.63,1989.9,2006.3,1986.95
11/23/2023,1990.14,1992.05,1998.55,1989.93
11/24/2023,1992.05,2002.33,2003.35,1991.59
11/25/2023,2002.33,2002.33,2002.33,2002.33
11/26/2023,0,2002.33,0,0
11/27/2023,2000.87,2014.51,2017.25,2000.73
11/28/2023,2013.4,2041.51,2042.9,2011.79
11/29/2023,2041.29,2044.36,2051.61,2035.7
11/30/2023,2044.75,2036.46,2046.97,2032.1
12/1/2023,2038.31,2071.25,2074.75,2034.05
12/2/2023,2071.25,2071.25,2071.25,2071.25
12/3/2023,2071.25,2071.29,2071.29,2071.25
12/4/2023,2074.12,2029.28,2111.4,2020.94
12/5/2023,2029.37,2019.29,2041.1,2010.5
12/6/2023,2019.49,2025.54,2035.8,2017.5
12/7/2023,2026.09,2028.48,2039.61,2020.3
12/8/2023,2028.83,2003.6,2034.06,1994.9
12/9/2023,2003.6,2003.6,2003.6,2003.6
12/10/2023,2003.6,2003.72,2003.72,2003.6
12/11/2023,2006.58,1981.74,2008.65,1976.03
12/12/2023,1982.19,1979.57,1996.3,1977.35
12/13/2023,1980.05,2027.58,2027.69,1973.16
12/14/2023,2026.02,2036.11,2047.82,2025.34
12/15/2023,2036.64,2018.4,2044.9,2015.87
12/16/2023,2018.4,2018.4,2018.4,2018.4
12/17/2023,2018.4,2018.4,2018.4,2018.4
12/18/2023,2020.11,2027.15,2033.48,2016.22
12/19/2023,2027.73,2040.31,2046.86,2021.85
12/20/2023,2039.91,2031.94,2043.4,2027.7
12/21/2023,2032.45,2045.94,2045.99,2031.67
12/22/2023,2049.3,2053.3,2070.4,2046.91
12/23/2023,2053.3,2053.3,2053.3,2053.3
12/24/2023,2053.3,2053.3,2053.3,2053.3
12/25/2023,2053.3,2053.3,2053.3,2053.3
12/26/2023,2053.3,2056.02,2067.58,2067.58
12/27/2023,2066.85,2077.69,2084.39,2061.6
12/28/2023,2077.96,2065.53,2088.29,2064.83
12/29/2023,2066.93,2065.2,2074.72,2058.3
12/30/2023,2062.75,2062.75,2062.75,2062.75
12/31/2023,2062.75,2062.75,2062.75,2062.75
1/1/2024,2062.75,2062.75,2062.75,2062.75
1/2/2024,2062.75,2059.09,2078.85,2056.85
1/3/2024,2059.43,2041.55,2065.95,2030.8
1/4/2024,2042.28,2043.49,2050.7,2036.65
1/5/2024,2043.64,2045.85,2063.7,2037.4
1/6/2024,2045.85,2045.85,2045.85,2045.85
1/7/2024,2045.85,2045.85,2045.85,2045.85
1/8/2024,2044.9,2028.89,2046.61,2018.6
1/9/2024,2028.49,2030.28,2041.16,2026.3
1/10/2024,2030.55,2025.87,2039.75,2020.63
1/11/2024,2025.7,2029.26,2039.55,2013.45
1/12/2024,2029.69,2049.03,2061.95,2029.64
1/13/2024,2049.03,2049.03,2049.03,2049.03
1/14/2024,2049.03,2049.03,2049.03,2049.03
1/15/2024,2048.5,2054.79,2058.6,2046.05
1/16/2024,2055.42,2028.52,2055.55,2024.42
1/17/2024,2027.75,2006.4,2032.71,2002.1
1/18/2024,2007.51,2023.13,2023.34,2005.95
1/19/2024,2023.93,2029.68,2038.55,2020.54
1/20/2024,2029.68,2029.68,2029.68,2029.68
1/21/2024,2029.68,2029.68,2029.68,2029.68
1/22/2024,2027.85,2021.73,2032.25,2017.2
1/23/2024,2021.81,2029.24,2037.8,2019.7
1/24/2024,2029.41,2014.24,2036.65,2011.5
1/25/2024,2016.18,2020.89,2025.12,2011
1/26/2024,2020.19,2018.71,2026.25,2016.1
1/27/2024,2018.71,2018.71,2018.71,2018.71
1/28/2024,2018.71,2018.25,2019,2018.12
1/29/2024,2024.4,2032.16,2037.31,2019.41
1/30/2024,2032.69,2037,2048.39,2029.23
1/31/2024,2036.44,2039.1,2055.97,2031.15
2/1/2024,2040.62,2054.8,2065.2,2030.35
2/2/2024,2054.89,2038.8,2057.5,2028.1
2/3/2024,2038.8,2038.8,2038.8,2038.8
2/4/2024,2038.8,2038.8,2038.8,2038.8
2/5/2024,2041.26,2024.88,2041.75,2015.05
2/6/2024,2025.43,2036.16,2038.85,2023.05
2/7/2024,2035.68,2035.13,2044.6,2030.75
2/8/2024,2035.77,2034.36,2038.62,2020.45
2/9/2024,2034.87,2024.47,2037.05,2020.47
2/10/2024,2024.47,2024.47,2024.47,2024.47
2/11/2024,2024.47,2024.47,2024.47,2024.47
2/12/2024,2026.57,2020.1,2027.65,2012.03
2/13/2024,2019.69,1993.23,2029.79,1990.4
2/14/2024,1992.22,1991.82,1996.1,1985.1
2/15/2024,1993.13,2004.03,2008.2,1990.44
2/16/2024,2004.74,2013.43,2015.21,1995.69
2/17/2024,2013.43,2013.43,2013.43,2013.43
2/18/2024,2013.43,2013.43,2013.43,2013.43
2/19/2024,2013.63,2016.93,2022.85,2012.13
2/20/2024,2017.26,2024.12,2030.79,2015.2
2/21/2024,2024.19,2025.89,2031.99,2020.4
2/22/2024,2026.29,2024.59,2034.69,2020
2/23/2024,2024.58,2036,2041.12,2016.4
2/24/2024,2036,2036,2036,2036
2/25/2024,2036,2036,2036,2036
2/26/2024,2033.23,2031.29,2036.93,2025.66
2/27/2024,2031,2030.54,2039.47,2028.87
2/28/2024,2030.09,2034.56,2037.6,2024.63
2/29/2024,2035.28,2044.4,2050.57,2028.25
3/1/2024,2043.5,2083.65,2088.28,2039.17
3/2/2024,2083.65,2083.65,2083.65,2083.65
3/3/2024,2083.65,2083.65,2083.65,2083.65
3/4/2024,2083.1,2114.5,2119.7,2079.58
3/5/2024,2114.19,2128,2141.6,2110.65
3/6/2024,2127.28,2148.33,2152.25,2123.7
3/7/2024,2148,2160.04,2163.68,2144.46
3/8/2024,2159.08,2177.85,2195,2154.1
3/9/2024,2177.85,2177.85,2177.85,2177.85
3/10/2024,2177.85,2178.21,2181.44,2177.85
3/11/2024,2178.53,2181.25,2188.73,2175.7
3/12/2024,2182.45,2159.15,2184.6,2151.34
3/13/2024,2158.63,2175.05,2179.15,2155.94
3/14/2024,2175.65,2161.64,2176.99,2152.95
3/15/2024,2161.71,2155.92,2172.55,2155.29
3/16/2024,2155.92,2155.92,2155.92,2155.92
3/17/2024,2155.92,2154.95,2156.1,2152.3
3/18/2024,2155.21,2161.1,2163.4,2146.2
3/19/2024,2161.23,2158.53,2162.8,2147.45
3/20/2024,2158.51,2202.2,2211.65,2149.7
3/21/2024,2198.65,2181.19,2211.7,2166.75
3/22/2024,2181.34,2165.4,2186.05,2157.45
3/23/2024,2165.4,2165.4,2165.4,2165.4
3/24/2024,0,2165.99,2167.89,2165.3
3/25/2024,2166.82,2172.3,2181,2163.97
3/26/2024,2172.68,2179.12,2199.88,2167.97
3/27/2024,2178.69,2191,2197.51,2173.86
3/28/2024,2191.32,2232.9,2234.05,2187.48
3/29/2024,2232.9,2232.9,2232.9,2232.9
3/30/2024,2232.9,2232.9,2232.9,2232.9
3/31/2024,2232.9,2232.9,2232.9,2232.9
4/1/2024,2232.9,2250.88,2265.53,2228.88
4/2/2024,2250.14,2280.56,2280.96,2247.1
4/3/2024,2281.53,2299.62,2301.13,2266.1
4/4/2024,2300.41,2289.88,2304.7,2281.3
4/5/2024,2291.78,2328.7,2330.22,2268.16
4/6/2024,2328.7,2328.7,2328.7,2328.7
4/7/2024,2328.7,2329.76,2329.76,2328.7
4/8/2024,2326.2,2339.24,2351.85,2303.3
4/9/2024,2337.68,2352.91,2364.96,2337.32
4/10/2024,2352.64,2333.17,2359.97,2320.12
4/11/2024,2334.41,2373.59,2377.69,2326.3
4/12/2024,2374.69,2344.42,2431.02,2334.91
4/13/2024,2344.42,2344.42,2344.42,2344.42
4/14/2024,2344.42,2343.86,2344.42,2343.86
4/15/2024,2352.65,2382.86,2387.3,2325.63
4/16/2024,2382.84,2383.2,2398.05,2364.05
4/17/2024,2383.41,2361.13,2395.36,2357.75
4/18/2024,2365.06,2378.6,2391.83,2363.95
4/19/2024,2379.5,2390.6,2416.65,2373.29
4/20/2024,2390.6,2390.6,2390.6,2390.6
4/21/2024,2390.6,2391.2,2391.2,2390.6
4/22/2024,2386.6,2326.62,2388.2,2325.36
4/23/2024,2330.36,2322.19,2334.4,2293.39
4/24/2024,2322.02,2316.2,2337.16,2312.3
4/25/2024,2317.75,2332.16,2344.28,2307.45
4/26/2024,2332.21,2337.97,2351.96,2326.56
4/27/2024,2337.97,2337.97,2337.97,2337.97
4/28/2024,0,2337.97,0,0
4/29/2024,2333.54,2334.81,2346.5,2323.15
4/30/2024,2335.96,2285.91,2336.27,2285.33
5/1/2024,2288.89,2318.27,2327.55,2281.8
5/2/2024,2321.16,2303.69,2326.45,2286.45
5/3/2024,2305.03,2302.5,2317.75,2278.92
5/4/2024,2302.5,2302.5,2302.5,2302.5
5/5/2024,2302.5,2302.5,2302.5,2302.5
5/6/2024,2302.38,2323.28,2331.81,2292.1
5/7/2024,2326.35,2314.14,2329.62,2310.25
5/8/2024,2315.53,2309.02,2321.23,2304.44
5/9/2024,2309.96,2346.26,2347.1,2306.87
5/10/2024,2346.89,2360.53,2378.2,2345.26
5/11/2024,2360.53,2360.53,2360.53,2360.53
5/12/2024,2360.53,2360.53,2360.53,2360.53
5/13/2024,2362.07,2336.42,2364.51,2333.13
5/14/2024,2337.5,2358.31,2359.65,2335.04
5/15/2024,2357.16,2386.46,2390.15,2353.15
5/16/2024,2388.34,2376.81,2397.08,2371.29
5/17/2024,2377.98,2415.02,2422.06,2374.15
5/18/2024,2415.02,2415.02,2415.02,2415.02
5/19/2024,2415.02,2415.02,2415.02,2415.02
5/20/2024,2415.02,2425.49,2449.99,2407.75
5/21/2024,2427.76,2422.02,2433.71,2407.05
5/22/2024,2421.78,2378.6,2426.15,2375.05
5/23/2024,2379.71,2328.74,2383.68,2327.46
5/24/2024,2329.77,2334.4,2347.34,2325.76
5/25/2024,2334.4,2334.4,2334.4,2334.4
5/26/2024,2334.4,2334.08,2334.4,2334.08
5/27/2024,2336.21,2351,2358.28,2333.14
5/28/2024,2352.2,2361.31,2363.46,2340.42
5/29/2024,2361.39,2339.11,2361.79,2335.07
5/30/2024,2338.88,2343.38,2351.09,2323.03
5/31/2024,2343.34,2327.82,2359.58,2320.63
6/1/2024,2327.82,2327.82,2327.82,2327.82
