Open,Close,High,Low,Date
1067.5,1067.5,1067.5,1067.5,1/1/2018
1066.5,1096,1099,1066,1/2/2018
1095.5,1088,1097,1084,1/3/2018
1086.5,1102.5,1108.5,1083.5,1/4/2018
1100,1091.5,1103,1086.5,1/5/2018
1093.5,1101.5,1103,1090.5,1/8/2018
1101,1102,1113.5,1100,1/9/2018
1101.5,1087,1104,1084,1/10/2018
1087,1087.5,1093,1078.5,1/11/2018
1087.5,1122,1127.5,1087.5,1/12/2018
1123.5,1129,1139,1120.5,1/15/2018
1129.5,1096,1132.5,1091.5,1/16/2018
1097,1120,1120.5,1097,1/17/2018
1116,1101.5,1118.5,1099.5,1/18/2018
1102,1108.5,1115.5,1102,1/19/2018
1108.5,1108.5,0,0,1/21/2018
1109.5,1098,1111.5,1086,1/22/2018
1098.5,1094,1102.5,1088,1/23/2018
1095,1112.5,1113.5,1094.5,1/24/2018
1110.5,1101,1115.5,1095.75,1/25/2018
1095.5,1093,1103,1082.5,1/26/2018
1093,1093,1093,1093,1/28/2018
1094,1092,1094.5,1083,1/29/2018
1089.5,1057,1091.5,1050,1/30/2018
1059,1030.5,1063.5,1027,1/31/2018
1032,1042,1045.5,1017,2/1/2018
1041,1052.5,1054.5,1038,2/2/2018
1052.5,1049,1052.5,1049,2/4/2018
1050,1037,1050,1030.5,2/5/2018
1032.5,1014,1032.5,1004.5,2/6/2018
1015,988,1017.5,983.5,2/7/2018
990,965,990.5,962,2/8/2018
965,978,982.5,962.5,2/9/2018
978,979,980,978,2/11/2018
981.5,984.5,993.5,980,2/12/2018
987.5,988,996,984,2/13/2018
986.5,1002.5,1006,984.5,2/14/2018
1002.5,1020,1022.5,1002.5,2/15/2018
1019.5,1044.5,1049,1019.5,2/16/2018
1044.5,1049.5,1049.5,1044.5,2/18/2018
1046.5,1036.5,1052,1033.5,2/19/2018
1036.5,1035.5,1044.5,1028.5,2/20/2018
1035,1022,1036.5,1020.5,2/21/2018
1023.5,1040,1041.5,1020,2/22/2018
1042,1048,1048.5,1036,2/23/2018
1048,1047.5,1048,1047.5,2/25/2018
1048.5,1061.5,1067.5,1048,2/26/2018
1063,1040.5,1065.5,1037.5,2/27/2018
1040.5,1045,1050,1040,2/28/2018
1047,991.5,1047.5,978,3/1/2018
992,993,999,979,3/2/2018
993,999.5,999.5,993,3/4/2018
997,985,1001,979.5,3/5/2018
986.5,986.5,994.5,977,3/6/2018
987.5,971.5,988.5,965.5,3/7/2018
974.5,980,990.5,966.5,3/8/2018
979,999.5,999.5,972,3/9/2018
999.5,998,1000,997,3/11/2018
998.5,981,999,974,3/12/2018
981.5,992,999.5,978.5,3/13/2018
991.5,992,1008,989.5,3/14/2018
992.5,989.5,996,983,3/15/2018
989,997,999,984,3/16/2018
998.5,997.5,998.5,996.5,3/18/2018
997,991.5,1000.5,990,3/19/2018
991,984,996.5,979.5,3/20/2018
984.5,991.5,996.5,980.5,3/21/2018
992,986.5,998,977,3/22/2018
986,979,991,976.5,3/23/2018
979,977,979,977,3/25/2018
978,976.5,987,973,3/26/2018
977.5,975.5,985.5,973.5,3/27/2018
974.5,970.5,979.5,967,3/28/2018
971,954.5,974.5,945,3/29/2018
954.5,954.5,954.5,954.5,4/1/2018
957,937.5,960.5,931,4/2/2018
937,932.5,943.5,930.25,4/3/2018
933,927.5,933.5,916,4/4/2018
929.5,907.5,931,902.5,4/5/2018
909,903,915.5,899.5,4/6/2018
906.5,932.5,940.5,906,4/9/2018
932,955,961,931.5,4/10/2018
951,967.5,973,950,4/11/2018
966.5,967.5,970,946.5,4/12/2018
966.5,989.5,992,965.5,4/13/2018
989.5,989.5,989.5,989.5,4/15/2018
987.5,1004.5,1013,984.5,4/16/2018
1004,1013,1016,985,4/17/2018
1014.5,1037.5,1046,1012,4/18/2018
1037,1028.5,1056.5,1023,4/19/2018
1032,1033,1042.5,1014.5,4/20/2018
1033,1028.5,1033,1028.5,4/22/2018
1030.5,984,1037,974,4/23/2018
983.5,977,988.5,964,4/24/2018
976.5,980.5,980.5,961,4/25/2018
979.5,987.5,993.5,968,4/26/2018
987,976.5,990.5,971,4/27/2018
976.5,976.5,976.5,976.5,4/29/2018
971.5,967.5,976,959.5,4/30/2018
968,951,969,944,5/1/2018
948,962.5,973.5,947,5/2/2018
962,965,975.5,962,5/3/2018
965,969.5,971,960.5,5/4/2018
969.5,971,971,969.5,5/6/2018
970,974.5,982.5,970,5/7/2018
974,970.5,977,967,5/8/2018
973,979.5,983.5,970,5/9/2018
978,1000.5,1004.5,976.5,5/10/2018
1000.5,998.5,1011,989.5,5/11/2018
998.5,998,998.5,998,5/13/2018
990.5,998.5,1004,990.5,5/14/2018
998,984,999.5,967,5/15/2018
982.5,986.25,990.75,979.5,5/16/2018
988,981,991,978,5/17/2018
979.5,965.75,984,963.5,5/18/2018
965.75,965.75,965.75,965.75,5/20/2018
971.5,992,997,968,5/21/2018
993.5,991,1006.5,989,5/22/2018
993.5,982.5,994.5,969,5/23/2018
981.5,977.5,986.5,972.5,5/24/2018
977.5,982.5,986.5,971.5,5/25/2018
982.5,982.5,982.5,982.5,5/27/2018
983.5,989.5,989.5,981,5/28/2018
986.5,982,991.5,976,5/29/2018
978,987.5,987.5,975,5/30/2018
987,988,992.5,986,5/31/2018
989,1002.25,1006.75,986.25,6/1/2018
1002.25,1002.25,1002.25,1002.25,6/3/2018
1002,998.5,1013,996.5,6/4/2018
998,997,999.5,983.5,6/5/2018
995,1019.5,1025,994,6/6/2018
1020,1014.5,1031.5,1012.5,6/7/2018
1014,1017.5,1020,1008.5,6/8/2018
1017.5,1017,1017.5,1017,6/10/2018
1016.5,1025,1026,1011,6/11/2018
1025,1021.5,1025.5,1019.5,6/12/2018
1023,1012,1023.5,1003.5,6/13/2018
1012,1011,1018.5,1004.5,6/14/2018
1010.5,989,1012,987,6/15/2018
989,985.5,989,985.5,6/17/2018
988,993,1001.5,986,6/18/2018
993,970,994.5,967.5,6/19/2018
971,968,979.5,963.5,6/20/2018
966,954,969,951,6/21/2018
951,959.5,963,951,6/22/2018
959.5,958.5,959.5,958.5,6/24/2018
958,942.25,961,940.25,6/25/2018
943.75,959.75,962.75,933.25,6/26/2018
961.75,950.25,964.25,945.25,6/27/2018
953.75,947.25,956.75,936.25,6/28/2018
947.25,955.5,959.5,944,6/29/2018
955.5,955.5,955.5,955.5,7/1/2018
957,948.5,959,940,7/2/2018
949.5,945,954.5,941.5,7/3/2018
944.5,949,954.5,944.5,7/4/2018
951.5,951.5,953.5,943,7/5/2018
951,955.5,955.5,942.5,7/6/2018
955.5,955.5,955.5,955.5,7/8/2018
955.5,963,969.5,955,7/9/2018
962,944.5,963,942,7/10/2018
944,941.5,945.5,936,7/11/2018
940,953,956,938,7/12/2018
952.5,939.5,953,938.5,7/13/2018
939.5,939.5,939.5,939.5,7/15/2018
941.5,920.5,946.5,918.5,7/16/2018
921,915.5,930,910.5,7/17/2018
916.5,909.5,918,907.5,7/18/2018
909,872.5,912,862.5,7/19/2018
874.5,896.5,901,872.5,7/20/2018
896.5,896.5,896.5,896.5,7/22/2018
892.5,917,917,890,7/23/2018
917,917.5,929.5,910,7/24/2018
916.5,942,942.5,915.5,7/25/2018
939.5,929.5,942.5,926,7/26/2018
930.5,924,936.5,919.5,7/27/2018
924,924,924,924,7/29/2018
927,932,935,923.5,7/30/2018
930,932,940,925.5,7/31/2018
934.5,916.5,936,915,8/1/2018
919,914.5,925,909,8/2/2018
916,912,924.5,910.5,8/3/2018
912,910.5,912,910.5,8/5/2018
912.5,906.5,917,902.75,8/6/2018
910,911.5,924,908.5,8/7/2018
911,903,916.5,896,8/8/2018
906,910,913,897.5,8/9/2018
911,912.5,914,902.5,8/10/2018
912.5,912.5,912.5,912.5,8/12/2018
913,893.5,913.5,887.5,8/13/2018
894.5,900.5,902,888.5,8/14/2018
900,846,900.5,837,8/15/2018
847.5,892.75,907.75,835,8/16/2018
889.25,913.75,915.75,886.75,8/17/2018
913.75,913.75,913.75,913.75,8/19/2018
911.75,921.25,926.25,910.25,8/20/2018
921.75,919.75,926.75,914.25,8/21/2018
918.25,928.75,930.25,914.25,8/22/2018
929.25,918.75,929.25,914.75,8/23/2018
918.75,939.25,941.75,917.75,8/24/2018
939.25,939.25,939.25,939.25,8/26/2018
940.25,951.25,952.75,934.25,8/27/2018
952.25,944,958.5,942,8/28/2018
944.5,966.5,969.5,944,8/29/2018
967,968,986,958,8/30/2018
969,983.5,986.5,968,8/31/2018
983.5,983.5,983.5,983.5,9/2/2018
985,981.5,988,978,9/3/2018
983,983,989.5,956,9/4/2018
982.5,975.5,989.5,971.5,9/5/2018
976.5,977,989.5,974.5,9/6/2018
977.5,983,992.5,975,9/7/2018
983,983,983,983,9/9/2018
982,978.5,993,976.5,9/10/2018
978.5,977.5,985.5,970,9/11/2018
979,979.5,984,972,9/12/2018
979,985.5,987.5,977.5,9/13/2018
986,980.5,992,978,9/14/2018
980.5,980.5,980.5,980.5,9/16/2018
979.5,986.5,988.5,978,9/17/2018
987,1013.5,1015.5,983.5,9/18/2018
1014,1038,1042,1013,9/19/2018
1038,1052.5,1056.5,1035.5,9/20/2018
1052,1051.5,1058,1038.5,9/21/2018
1051.5,1052.5,1052.5,1051.5,9/23/2018
1049.5,1060,1062.5,1044,9/24/2018
1062,1064,1071,1052,9/25/2018
1063.5,1070,1077.5,1060.5,9/26/2018
1069.5,1084.5,1086,1061.5,9/27/2018
1085,1076,1095.5,1073.5,9/28/2018
1076,1083.5,1083.5,1076,9/30/2018
1075.5,1060.5,1077.5,1051,10/1/2018
1060.5,1055.5,1070,1044.5,10/2/2018
1057.5,1059,1069.5,1050.5,10/3/2018
1060,1060,1065.5,1051.5,10/4/2018
1058,1071.5,1078.5,1053.5,10/5/2018
1071.5,1067,1072.5,1067,10/7/2018
1072,1078,1079.5,1059,10/8/2018
1077.5,1073.5,1087.5,1069,10/9/2018
1074,1070,1083,1066,10/10/2018
1070,1080,1096,1068.5,10/11/2018
1080,1069,1090,1067,10/12/2018
1069,1069,1069,1069,10/14/2018
1067.5,1086.5,1092,1067.5,10/15/2018
1087.5,1082,1093,1079,10/16/2018
1082.5,1075,1087,1074,10/17/2018
1074.5,1073.5,1081,1068,10/18/2018
1074,1083,1092.5,1074,10/19/2018
1083,1083.5,1083.5,1083,10/21/2018
1085,1124,1125,1083,10/22/2018
1122.5,1143.5,1153,1118.5,10/23/2018
1143.5,1130.5,1145.5,1125.5,10/24/2018
1128.5,1103,1129,1102,10/25/2018
1103,1107,1109,1083.5,10/26/2018
1107,1105.5,1107,1104.5,10/28/2018
1105,1091.5,1121.5,1088.5,10/29/2018
1091,1077.5,1099.5,1070,10/30/2018
1077,1081.5,1088.5,1070,10/31/2018
1081.5,1096,1102.5,1078,11/1/2018
1096.5,1118.5,1125,1093.5,11/2/2018
1118.5,1118.5,1118.5,1118.5,11/4/2018
1116,1137.5,1141,1113,11/5/2018
1137.5,1118,1137.5,1104.5,11/6/2018
1117.5,1139,1141.5,1114.5,11/7/2018
1137.5,1127.5,1138,1115,11/8/2018
1128.5,1116.5,1129,1109,11/9/2018
1116.5,1116.5,1116.5,1116.5,11/11/2018
1116,1099.5,1121,1097.5,11/12/2018
1101,1113,1116.5,1100.5,11/13/2018
1114.5,1129.5,1135,1104,11/14/2018
1128,1160,1179,1124.5,11/15/2018
1159,1177,1186,1155,11/16/2018
1177,1173,1177,1173,11/18/2018
1178,1164,1185.5,1159.5,11/19/2018
1163,1145.5,1171,1138.5,11/20/2018
1144.5,1152.5,1159.5,1143.5,11/21/2018
1150,1156,1158,1146.75,11/22/2018
1155.5,1122,1155.5,1119,11/23/2018
1122,1123,1123.5,1122,11/25/2018
1128,1146,1152.5,1126.5,11/26/2018
1147,1153,1155,1137.5,11/27/2018
1154.5,1187,1188.5,1151.5,11/28/2018
1185.5,1183.5,1189,1173,11/29/2018
1182.5,1185.5,1209.5,1182.5,11/30/2018
1185.5,1189.5,1189.5,1185.5,12/2/2018
1193.5,1212,1223.5,1189.5,12/3/2018
1205.5,1232,1241.5,1205.5,12/4/2018
1231,1249,1260,1227,12/5/2018
1244.5,1210,1250,1191,12/6/2018
1212,1226.5,1228.5,1193.5,12/7/2018
1226.5,1227,1228,1226.5,12/9/2018
1223.5,1216,1234,1212.5,12/10/2018
1220,1243,1254.5,1216.5,12/11/2018
1244,1261.5,1264.5,1244,12/12/2018
1262,1259.5,1268.5,1252,12/13/2018
1261,1249,1262.5,1221,12/14/2018
1249,1249,1249,1249,12/16/2018
1248.5,1266,1272,1246.5,12/17/2018
1264,1254,1267,1251.5,12/18/2018
1254,1272,1285,1252.5,12/19/2018
1269.5,1266.5,1282,1256,12/20/2018
1269,1235,1269.5,1226.5,12/21/2018
1235,1235,1235,1235,12/23/2018
1236,1242.5,1246.5,1228,12/24/2018
1244,1258.5,1259,1243.5,12/26/2018
1258.5,1266.5,1268,1252,12/27/2018
1266.5,1255.5,1274,1250.5,12/28/2018
1255.5,1255.5,1255.5,1255.5,12/30/2018
1261.5,1267,1268.5,1254,12/31/2018
1268,1266,1271.5,1260.5,1/2/2019
1266,1267,1271,1262,1/3/2019
1267,1306,1313,1264.5,1/4/2019
1306,1306,1306,1306,1/6/2019
1307.5,1306.5,1313,1296,1/7/2019
1305.5,1329,1332,1298,1/8/2019
1329.5,1329,1343,1323,1/9/2019
1328.5,1325.5,1333.5,1316.5,1/10/2019
1324.5,1325,1343,1315,1/11/2019
1325,1324.5,1325,1324.5,1/13/2019
1320.5,1325.5,1336.5,1313.5,1/14/2019
1325,1320.5,1336,1316,1/15/2019
1321.5,1362.5,1364,1321.5,1/16/2019
1363.5,1401.5,1437,1361,1/17/2019
1399,1379.5,1423,1367,1/18/2019
1379.5,1379.5,1379.5,1379.5,1/20/2019
1378.5,1366.5,1400,1353,1/21/2019
1366,1346,1372,1334,1/22/2019
1346.5,1353.5,1360,1336.5,1/23/2019
1352.5,1321,1355,1316.5,1/24/2019
1324,1366,1366,1310.5,1/25/2019
1366,1362.5,1366,1362.5,1/27/2019
1359,1334.5,1368,1330,1/28/2019
1334.5,1347,1357,1327,1/29/2019
1348,1363.5,1366,1339,1/30/2019
1362,1344.5,1388.5,1337,1/31/2019
1347.5,1354.5,1373.5,1345.5,2/1/2019
1354.5,1354.5,1354.5,1354.5,2/3/2019
1350.5,1369.5,1371.5,1343,2/4/2019
1365,1384,1384,1363,2/5/2019
1383.5,1374,1386,1366.5,2/6/2019
1374.5,1389.5,1395.5,1368,2/7/2019
1386.5,1403.5,1404.5,1386.5,2/8/2019
1403.5,1403.5,1403.5,1403.5,2/10/2019
1403.5,1389,1407,1374.5,2/11/2019
1389,1406.5,1406.5,1385.5,2/12/2019
1408.5,1397.5,1415,1395,2/13/2019
1397,1416,1419,1397,2/14/2019
1418,1434.5,1437,1410,2/15/2019
1434.5,1432.5,1434.5,1432.5,2/17/2019
1432.5,1458.5,1461,1431.5,2/18/2019
1460,1488,1493.5,1460,2/19/2019
1483.5,1487.5,1507,1480,2/20/2019
1487.5,1468.5,1499.5,1461,2/21/2019
1473,1497.5,1501,1470,2/22/2019
1497.5,1497.5,1499,1497.5,2/24/2019
1502.5,1541.5,1544,1499.5,2/25/2019
1544.5,1565.5,1565.5,1531,2/26/2019
1564.5,1532,1567,1514.5,2/27/2019
1533,1544.5,1554.5,1524.5,2/28/2019
1545.5,1551.5,1564,1529,3/1/2019
1551.5,1549.5,1551.5,1549.5,3/3/2019
1552.5,1535.5,1561.5,1515.5,3/4/2019
1533,1514.5,1537,1505.5,3/5/2019
1518.5,1535,1542.5,1507,3/6/2019
1537,1526,1552.5,1516,3/7/2019
1528,1517.5,1531.5,1501.5,3/8/2019
1517.5,1515,1517.5,1514.5,3/10/2019
1514,1541,1541.5,1508.5,3/11/2019
1540,1541.5,1553.5,1533.5,3/12/2019
1540.5,1558,1560,1535.5,3/13/2019
1557,1558,1562,1546,3/14/2019
1558.5,1562.5,1569,1557.5,3/15/2019
1562.5,1561.5,1562.5,1558.5,3/17/2019
1561,1583,1586.5,1547,3/18/2019
1582.5,1598,1606.5,1581.5,3/19/2019
1597,1604,1610,1594,3/20/2019
1605,1610.5,1621.5,1596,3/21/2019
1611,1566.5,1615.5,1557.5,3/22/2019
1566.5,1566,1571.5,1565.5,3/24/2019
1565.5,1579.5,1581.5,1536.5,3/25/2019
1579.5,1544.5,1584.5,1535.5,3/26/2019
1545,1446.5,1552.5,1442,3/27/2019
1447.5,1360,1456,1339.5,3/28/2019
1360.5,1386,1398.5,1343,3/29/2019
1386,1377,1386,1377,3/31/2019
1390,1422.5,1427.5,1370.5,4/1/2019
1423.5,1432,1440.5,1399.5,4/2/2019
1433.5,1407.5,1445,1383.5,4/3/2019
1409,1368.5,1415.5,1362.5,4/4/2019
1372.5,1372.5,1383.5,1328,4/5/2019
1372.5,1372.5,1372.5,1372.5,4/7/2019
1374.5,1386,1392,1364,4/8/2019
1387,1390.5,1400.5,1369.5,4/9/2019
1391.5,1390,1398.5,1383.5,4/10/2019
1390,1368,1400,1352.5,4/11/2019
1367,1374,1382,1363.5,4/12/2019
1374,1374,1374,1374,4/14/2019
1374,1364,1376,1361.5,4/15/2019
1364.5,1352.5,1375.5,1349.5,4/16/2019
1355.5,1404,1409,1352,4/17/2019
1404,1424.5,1424.5,1385,4/18/2019
1424.5,1422.5,1424.5,1422.5,4/21/2019
1423,1388.5,1430,1375.5,4/22/2019
1389.5,1392.5,1396,1369.5,4/23/2019
1390.5,1419.5,1424,1385.5,4/24/2019
1419,1417,1425.5,1413,4/25/2019
1419.5,1467,1467,1411.5,4/26/2019
1467,1467,1467,1467,4/27/2019
1467,1467,1467,1467,4/28/2019
1465.5,1373,1466.5,1365,4/29/2019
1379,1390,1398,1359,4/30/2019
1387.5,1355,1387.5,1314,5/1/2019
1356.5,1357,1364.5,1336,5/2/2019
1356.5,1373.5,1382,1345,5/3/2019
1373.5,1373.5,1373.5,1373.5,5/5/2019
1359,1339.5,1370.5,1333.5,5/6/2019
1340.5,1330,1355,1318.5,5/7/2019
1330,1320,1340.5,1314.5,5/8/2019
1319,1296,1326,1267.5,5/9/2019
1295.5,1359.5,1361,1295,5/10/2019
1359.5,1359.5,1359.5,1359.5,5/12/2019
1353,1323.5,1353.5,1320,5/13/2019
1325,1339,1344.5,1317.5,5/14/2019
1338.5,1345.5,1357,1307.5,5/15/2019
1344.5,1333,1348,1330.5,5/16/2019
1335.5,1312.5,1336.5,1312,5/17/2019
1312.5,1312.5,1312.5,1312.5,5/19/2019
1316.5,1331.5,1340.5,1312.5,5/20/2019
1336,1322.5,1341,1320,5/21/2019
1324.5,1317.5,1325.5,1301.5,5/22/2019
1317.5,1313,1323,1310,5/23/2019
1314,1337.5,1340.5,1313,5/24/2019
1337.5,1337.5,1337.5,1337.5,5/26/2019
1334,1338,1341.5,1326,5/27/2019
1337.5,1339,1351.5,1333.5,5/28/2019
1342.5,1352,1353.5,1331.5,5/29/2019
1352.5,1370,1380,1337,5/30/2019
1370,1327.5,1373.5,1322.5,5/31/2019
1327.5,1328,1328,1327.5,6/2/2019
1328,1326,1349,1314,6/3/2019
1327.5,1349,1356,1316,6/4/2019
1349,1331,1350,1318,6/5/2019
1331.5,1353,1358,1330.5,6/6/2019
1352.5,1360,1376,1347.5,6/7/2019
1360,1360,1360,1360,6/9/2019
1363,1384.5,1395.5,1349,6/10/2019
1384,1396.5,1403,1380.5,6/11/2019
1397,1408.5,1415,1390,6/12/2019
1412.5,1449.5,1449.5,1405.5,6/13/2019
1448,1467.5,1470.5,1444.5,6/14/2019
1467.5,1467.5,1467.5,1467.5,6/16/2019
1469.5,1456,1470,1446,6/17/2019
1456.5,1482.5,1491.5,1456,6/18/2019
1486,1503,1504.5,1482.5,6/19/2019
1504,1480.5,1533,1475,6/20/2019
1483.5,1502.5,1516,1474.5,6/21/2019
1502.5,1502.5,1502.5,1502.5,6/23/2019
1503.5,1537.5,1546.5,1503.5,6/24/2019
1538.5,1530.5,1550.5,1511.5,6/25/2019
1528,1524.5,1544,1522.5,6/26/2019
1523.5,1553,1553,1520.5,6/27/2019
1553,1540.5,1568,1522,6/28/2019
1540.5,1540.5,1540.5,1540.5,6/30/2019
1535,1549.5,1560,1535,7/1/2019
1549.5,1560.5,1565,1546,7/2/2019
1564.5,1574,1575,1557.5,7/3/2019
1574.5,1564,1574.5,1555,7/4/2019
1562.5,1569,1578,1556,7/5/2019
1569,1569,1569,1569,7/7/2019
1570.5,1564,1576,1559.5,7/8/2019
1563,1549.5,1563,1541.5,7/9/2019
1549.5,1591,1598.5,1544.5,7/10/2019
1592.5,1563,1607,1558.5,7/11/2019
1564.5,1548,1565,1535,7/12/2019
1548,1544,1548,1544,7/14/2019
1549,1570,1575,1546.5,7/15/2019
1568.5,1528,1571.5,1511,7/16/2019
1529.5,1540,1549.5,1519,7/17/2019
1538,1528,1550.5,1509,7/18/2019
1531,1508,1537,1501,7/19/2019
1508,1508,1508,1508,7/21/2019
1509,1531,1535.5,1500.5,7/22/2019
1530.5,1529.5,1533,1517,7/23/2019
1528,1542.5,1545,1523,7/24/2019
1545.5,1533,1549.5,1531,7/25/2019
1535.5,1538,1542.5,1527,7/26/2019
1538,1538,1538,1538,7/28/2019
1537.5,1556,1560,1518.5,7/29/2019
1554,1515.5,1556,1509,7/30/2019
1515.5,1519,1540,1515.5,7/31/2019
1522.5,1427,1523.5,1412.5,8/1/2019
1431,1409,1445.5,1380.5,8/2/2019
1409,1408,1409,1408,8/4/2019
1407,1421.5,1450.5,1396,8/5/2019
1420,1439.5,1448.5,1420,8/6/2019
1440,1417.5,1446.5,1397.5,8/7/2019
1416.5,1423.5,1436,1411.5,8/8/2019
1422,1424,1435.5,1419.5,8/9/2019
1424,1424,1424,1424,8/11/2019
1423.5,1428,1441.5,1420.5,8/12/2019
1431,1457.5,1462.5,1420,8/13/2019
1453,1426.5,1455.5,1423,8/14/2019
1428.5,1447,1452.5,1424,8/15/2019
1450.5,1450.5,1457,1443.5,8/16/2019
1450.5,1451,1452.5,1449,8/18/2019
1451.5,1482.5,1486.5,1451.5,8/19/2019
1479.5,1492.5,1497.5,1477,8/20/2019
1491.5,1473,1495,1467,8/21/2019
1468,1490,1495.5,1460.5,8/22/2019
1489,1463.5,1492.5,1457.5,8/23/2019
1463.5,1463.5,1463.5,1463.5,8/25/2019
1462.5,1475.5,1484,1460,8/26/2019
1481,1485.5,1488,1478.5,8/27/2019
1479.25,1469.75,1481.75,1463.25,8/28/2019
1475.25,1475.75,1496.75,1471.5,8/29/2019
1474.75,1534.25,1546.75,1474.75,8/30/2019
1534.25,1534.25,1534.25,1534.25,9/1/2019
1534.25,1533.75,1544.75,1520.75,9/2/2019
1533.75,1543.25,1545.75,1519.25,9/3/2019
1543.25,1556.25,1562.75,1538.25,9/4/2019
1557.25,1562.25,1568.75,1543.75,9/5/2019
1560.25,1539.25,1563,1523.25,9/6/2019
1539.25,1540.25,1540.25,1538.75,9/8/2019
1536.5,1545,1565,1526.5,9/9/2019
1546.5,1562.5,1566,1539.5,9/10/2019
1562.5,1575,1591.5,1559,9/11/2019
1574,1619.5,1623.5,1572.5,9/12/2019
1620.5,1609,1620.5,1596,9/13/2019
1606,1606.5,1627,1590,9/16/2019
1610,1602,1616,1592.5,9/17/2019
1601.5,1593,1609,1575,9/18/2019
1591.5,1623.75,1630.25,1587.5,9/19/2019
1623.75,1644,1655,1622.25,9/20/2019
1644,1643,1644,1643,9/22/2019
1647,1654,1667,1646.5,9/23/2019
1657.5,1674,1677.5,1653.5,9/24/2019
1675.5,1644,1678.5,1634,9/25/2019
1643,1669,1674.5,1643,9/26/2019
1670.5,1683.5,1692.5,1651,9/27/2019
1683.5,1683.5,1683.5,1683.5,9/29/2019
1686,1675.5,1701,1659.5,9/30/2019
1678,1653.5,1684,1651.5,10/1/2019
1657,1690,1698.5,1640.5,10/2/2019
1690,1655.5,1693,1645,10/3/2019
1656,1668,1685,1654,10/4/2019
1668,1669,1669,1668,10/6/2019
1667.5,1664,1671.5,1650.5,10/7/2019
1663.5,1677,1679.5,1633,10/8/2019
1675.5,1683.5,1692.5,1657,10/9/2019
1682.5,1700.5,1705,1675.5,10/10/2019
1700.5,1701.5,1706.5,1683.5,10/11/2019
1701.5,1701.5,1701.5,1701.5,10/13/2019
1698.5,1716.5,1723.5,1687.5,10/14/2019
1715,1736,1739.5,1711.5,10/15/2019
1735,1768.5,1779.5,1732,10/16/2019
1770.5,1760.5,1785,1756.5,10/17/2019
1762,1757,1768,1745.5,10/18/2019
1757,1757,1757,1757,10/20/2019
1757,1759.5,1776,1749,10/21/2019
1762.5,1757,1769.5,1752.5,10/22/2019
1756,1743.5,1764.5,1732.5,10/23/2019
1746.5,1779,1784.5,1742,10/24/2019
1778,1766,1788.5,1765.5,10/25/2019
1766,1768,1768,1765,10/27/2019
1768,1798.5,1809.5,1766.5,10/28/2019
1799,1779,1804,1777,10/29/2019
1778.5,1816.5,1827,1778.5,10/30/2019
1817.5,1799,1825,1781,10/31/2019
1799.5,1808,1817.5,1787,11/1/2019
1808,1807,1808,1807,11/3/2019
1813,1778,1822,1773,11/4/2019
1780,1779.5,1788,1761.5,11/5/2019
1778.5,1793,1804.5,1769.5,11/6/2019
1796,1801,1812.5,1789,11/7/2019
1801.5,1744.5,1804,1740.5,11/8/2019
1744.5,1744.5,1744.5,1744.5,11/10/2019
1745,1692.5,1757,1681,11/11/2019
1688.5,1703.5,1715,1688.5,11/12/2019
1702,1708,1732.5,1696.5,11/13/2019
1712,1739,1742,1709.5,11/14/2019
1740.5,1710,1749,1703,11/15/2019
1710,1710,1710,1710,11/17/2019
1709.5,1740,1745,1708,11/18/2019
1739,1764.5,1776,1719,11/19/2019
1764.5,1764.5,1779,1757.5,11/20/2019
1767.5,1765,1771,1757.5,11/21/2019
1765,1778.5,1778.5,1759.5,11/22/2019
1778.5,1779.5,1779.5,1778.5,11/24/2019
1777.5,1796,1817,1777.5,11/25/2019
1800,1811,1820,1780.5,11/26/2019
1813,1833,1834.5,1800.5,11/27/2019
1833.5,1844,1844.5,1826,11/28/2019
1841.5,1842.5,1847,1825.5,11/29/2019
1842.5,1842,1842.5,1842,12/1/2019
1840.5,1852.5,1863,1837.5,12/2/2019
1852,1856,1862,1843,12/3/2019
1855.5,1872,1876,1851,12/4/2019
1873.5,1874.5,1877,1853.5,12/5/2019
1874,1880.5,1882,1865,12/6/2019
1880.5,1880.5,1880.5,1880.5,12/7/2019
1880.5,1880.5,1880.5,1880.5,12/8/2019
1878,1883.5,1901,1874,12/9/2019
1884,1900.5,1906,1883,12/10/2019
1900,1912.5,1918.5,1896,12/11/2019
1914.5,1944,1946,1911,12/12/2019
1959.5,1931,1982,1914,12/13/2019
1931,1934.5,1934.5,1931,12/15/2019
1940,1976.5,1995,1939,12/16/2019
1985.5,1951.5,2000.5,1932,12/17/2019
1947,1922.5,1953.5,1920,12/18/2019
1922.5,1937.5,1942,1918.5,12/19/2019
1938,1856.5,1948.5,1831.5,12/20/2019
1856.5,1855,1856.5,1855,12/22/2019
1851,1879,1888,1820.5,12/23/2019
1876,1885.5,1896,1864,12/24/2019
1888.5,1888.5,1888.5,1888.5,12/25/2019
1887.5,1903.5,1906,1882.5,12/26/2019
1902.5,1906.5,1914,1898,12/27/2019
1906.5,1911.5,1911.5,1906.5,12/29/2019
1909,1911,1916,1903.5,12/30/2019
1908.5,1942,1944.5,1907.5,12/31/2019
1943,1943,1943,1943,1/1/2020
1945,1963,1965.5,1939.5,1/2/2020
1960,1984.5,1989,1958.5,1/3/2020
1984.5,1985,1985,1984.5,1/5/2020
2002,2034,2034,2001,1/6/2020
2034,2054,2057,2018.5,1/7/2020
2058.5,2108,2109.5,2027.5,1/8/2020
2108,2107.5,2151.5,2060,1/9/2020
2120,2121,2130.5,2098,1/10/2020
2121,2120.5,2121,2120.5,1/12/2020
2112.5,2132.5,2148.5,2110.5,1/13/2020
2134,2191.5,2196,2125,1/14/2020
2196.5,2262,2267.5,2191,1/15/2020
2266,2312,2387,2260.5,1/16/2020
2312,2483,2530,2307.5,1/17/2020
2483,2471,2483,2471,1/19/2020
2489.5,2502,2580.5,2475.5,1/20/2020
2502.5,2406.5,2521,2378,1/21/2020
2402,2480.5,2485,2384,1/22/2020
2476,2463.5,2542,2391,1/23/2020
2464.5,2427.5,2491,2385,1/24/2020
2427.5,2427.5,2427.5,2427.5,1/26/2020
2411.5,2264.5,2414,2260,1/27/2020
2273.5,2283,2336.5,2252.5,1/28/2020
2277.5,2296.5,2332.5,2263,1/29/2020
2309,2309,2321,2257.5,1/30/2020
2310.5,2292.5,2327,2286,1/31/2020
2292.5,2292.5,2292.5,2292.5,2/2/2020
2285,2322,2328,2268.5,2/3/2020
2321,2439,2440.5,2314,2/4/2020
2437.5,2429.5,2498.5,2417,2/5/2020
2433,2339,2461,2326.5,2/6/2020
2343,2319,2356,2286.5,2/7/2020
2319,2319,2319,2319,2/9/2020
2320,2358.5,2378,2319,2/10/2020
2356,2349.5,2366.5,2308,2/11/2020
2351.5,2407.5,2408.5,2321.5,2/12/2020
2408,2431,2441,2385,2/13/2020
2424.5,2432.5,2460.5,2409,2/14/2020
2432.5,2432.5,2432.5,2432.5,2/16/2020
2437,2521.5,2526,2429,2/17/2020
2520,2631.5,2639,2510,2/18/2020
2636,2715,2844.5,2629,2/19/2020
2718,2684,2772,2643,2/20/2020
2687.5,2714,2727,2677.5,2/21/2020
2714,2714,2714,2714,2/23/2020
2720,2645.5,2732.5,2595,2/24/2020
2641,2711.5,2732.5,2640.5,2/25/2020
2712.5,2785.5,2798.5,2698,2/26/2020
2783.5,2856.5,2878,2732.5,2/27/2020
2864.5,2607.5,2872.5,2486,2/28/2020
2607.5,2607.5,2607.5,2607.5,3/1/2020
2564.5,2539,2679,2510,3/2/2020
2549.5,2508,2580,2478.5,3/3/2020
2506,2569.5,2585.5,2438.5,3/4/2020
2570,2539.5,2571.5,2461.5,3/5/2020
2541,2570,2626.5,2453.5,3/6/2020
2570,2508.5,2575,2508.5,3/8/2020
2500.5,2503,2518.5,2373,3/9/2020
2493.5,2428,2535.5,2403.5,3/10/2020
2427,2306.5,2427,2301.5,3/11/2020
2311,1882.5,2313.5,1666,3/12/2020
1878.5,1820,2049.5,1612,3/13/2020
1820,1745,1820,1726,3/15/2020
1739.5,1618,1872.5,1490.5,3/16/2020
1618.5,1646.5,1813.5,1528,3/17/2020
1631,1598,1697.5,1555.5,3/18/2020
1598.5,1662.5,1709,1510.5,3/19/2020
1651.5,1642.5,1741,1583.5,3/20/2020
1642.5,1612,1687,1611.5,3/22/2020
1607,1737,1737.5,1606,3/23/2020
1736,1958,1974,1735.5,3/24/2020
1944,2347,2424.5,1932,3/25/2020
2343.5,2338,2415,2221.5,3/26/2020
2318,2272.5,2395.5,2249,3/27/2020
2272.5,2272.5,2272.5,2272.5,3/29/2020
2304,2330,2343.5,2232.5,3/30/2020
2313.5,2349.5,2446,2290.5,3/31/2020
2307.5,2219,2371,2203,4/1/2020
2233.5,2220,2308,2122,4/2/2020
2208,2191,2264,2133.5,4/3/2020
2191,2191,2191,2191,4/5/2020
2195.5,2165,2214.5,2102,4/6/2020
2182,2170,2277,2124,4/7/2020
2176,2164,2206.5,2149.5,4/8/2020
2150.5,2163.5,2190.5,2150.5,4/9/2020
2163.5,2163.5,2163.5,2163.5,4/12/2020
2118,2192,2287.5,2118,4/13/2020
2191.5,2234,2293,2182.5,4/14/2020
2223.5,2172,2237,2137,4/15/2020
2163,2175,2230.5,2142.5,4/16/2020
2171.5,2169,2200.5,2159.5,4/17/2020
2169,2169,2169,2169,4/19/2020
2168,2172.5,2215.5,2159,4/20/2020
2173.5,1927.5,2185.5,1840,4/21/2020
1934,1943.5,1987,1934,4/22/2020
1952.5,1986.5,2090.5,1941.5,4/23/2020
1984,2027.5,2050.5,1972.5,4/24/2020
2027.5,2027.5,2027.5,2027.5,4/26/2020
2031,1932.5,2054,1910.5,4/27/2020
1941,1925.5,1964.5,1892.5,4/28/2020
1925.5,1948,1996,1918.5,4/29/2020
1948,1969,2076,1946,4/30/2020
1982.5,1902,1983,1892.5,5/1/2020
1902,1902,1902,1902,5/3/2020
1905.5,1854.5,1923,1842.5,5/4/2020
1854.5,1806,1869.5,1763.5,5/5/2020
1804,1801,1821.5,1773.5,5/6/2020
1794.5,1879.5,1884,1794.5,5/7/2020
1911,1884.5,1924.5,1843.5,5/8/2020
1884.5,1884.5,1884.5,1884.5,5/9/2020
1884.5,1884.5,1884.5,1884.5,5/10/2020
1890,1897.5,1946.5,1846.5,5/11/2020
1922,1866,1924,1855,5/12/2020
1869,1820.5,1878.5,1767,5/13/2020
1817.5,1840,1848.5,1778,5/14/2020
1845.5,1903.5,1912,1818,5/15/2020
1903.5,1903.5,1903.5,1903.5,5/17/2020
1906,2010.5,2085,1901.5,5/18/2020
2013.5,2034,2105.5,1966.5,5/19/2020
2034.5,2101,2115.5,2022,5/20/2020
2085.5,2035.5,2093,1999,5/21/2020
2036,1952,2050.5,1909.5,5/22/2020
1952,1952,1952,1952,5/24/2020
1954,1994.5,2000,1942,5/25/2020
1988,1962.5,2038.5,1948,5/26/2020
1964.5,1976.5,1988,1893,5/27/2020
1980.5,1917.5,1990.5,1874,5/28/2020
1919,1951.5,1972.5,1907,5/29/2020
1951.5,1951.5,1951.5,1951.5,5/30/2020
1949.5,1972,1981,1924.5,6/1/2020
1972,1967,2001,1946,6/2/2020
1966.5,1952,1994,1951.5,6/3/2020
1947.5,1937.5,1957.5,1838.5,6/4/2020
1945.5,1956,1995,1923,6/5/2020
1956,1956,1956,1956,6/6/2020
1956,1956,1956,1956,6/7/2020
1960.5,2022,2042.5,1915,6/8/2020
2027,1951,2039.5,1923,6/9/2020
1951,1952.5,1982.5,1907.5,6/10/2020
1951.5,1917,1956,1892,6/11/2020
1915.5,1932,1962.5,1907.5,6/12/2020
1932,1932,1932,1932,6/13/2020
1932,1934.5,1934.5,1932,6/14/2020
1927.5,1938.5,1952.5,1892,6/15/2020
1941.5,1937.5,1974,1923,6/16/2020
1935,1928,1944,1901,6/17/2020
1925.5,1906.5,1955,1889,6/18/2020
1910.5,1918.5,1923.5,1887.5,6/19/2020
1918.5,1918.5,1918.5,1918.5,6/20/2020
1918.5,1918.5,1918.5,1918.5,6/21/2020
1924,1945.5,1967.5,1899,6/22/2020
1944.5,1929,1955,1919.5,6/23/2020
1935.5,1870,1957.5,1858,6/24/2020
1872.5,1845,1889.5,1832.5,6/25/2020
1846,1884,1891.5,1840,6/26/2020
1884,1884,1884,1884,6/27/2020
1883,1907,1926,1871.5,6/29/2020
1907.5,1945,1959,1894,6/30/2020
1944,1918.5,1944,1907,7/1/2020
1920.5,1910,1929,1899.5,7/2/2020
1910,1926,1939.5,1894.5,7/3/2020
1926,1923,1926,1923,7/5/2020
1921.5,1942,1954,1914,7/6/2020
1943.5,1930,1948.5,1912.5,7/7/2020
1933,1926,1961,1909,7/8/2020
1928,1949.5,2003.5,1926,7/9/2020
1954,1977,1978,1934,7/10/2020
1977,1977,1977,1977,7/11/2020
1977,1978,1978,1977,7/12/2020
1976.5,1978,2065.5,1966,7/13/2020
1977.5,1968,1990.5,1933.5,7/14/2020
1970.5,1984.5,1993.5,1954.5,7/15/2020
1985.5,1995,2035,1969,7/16/2020
1996,2024,2048,1978.5,7/17/2020
2024,2024,2024,2024,7/18/2020
2024,2024,2024,2024,7/19/2020
2028,2054,2080.5,2017.5,7/20/2020
2049.5,2145,2182.5,2049,7/21/2020
2152,2157.5,2188.5,2108,7/22/2020
2150,2145.5,2171,2115,7/23/2020
2145.5,2211,2228,2123.5,7/24/2020
2211,2211,2211,2211,7/25/2020
2211,2211,2211,2211,7/26/2020
2213.5,2296.5,2330.5,2210.5,7/27/2020
2302,2287,2337,2233,7/28/2020
2288.5,2166,2289,2087,7/29/2020
2167,2091.5,2167,2030.5,7/30/2020
2080.5,2094.5,2152,2061.5,7/31/2020
2094.5,2094.5,2094.5,2094.5,8/1/2020
2094.5,2094.5,2094.5,2094.5,8/2/2020
2094.5,2095.5,2124,2064.5,8/3/2020
2096.5,2142.5,2153.5,2079,8/4/2020
2147.5,2190.5,2196.5,2116.5,8/5/2020
2189,2233.5,2266.5,2179,8/6/2020
2236.5,2174,2246.5,2124,8/7/2020
2174,2174,2174,2174,8/8/2020
2174,2174,2174,2174,8/9/2020
2179.5,2246,2324.5,2171.5,8/10/2020
2242.5,2099.5,2259,2083,8/11/2020
2096.5,2150.5,2186.5,2078.5,8/12/2020
2156.5,2191,2211,2128,8/13/2020
2182,2117.5,2184.5,2111.5,8/14/2020
2117.5,2117.5,2117.5,2117.5,8/15/2020
2117.5,2117.5,2117.5,2117.5,8/16/2020
2121,2205.5,2220.5,2120.5,8/17/2020
2201,2198,2232,2127.5,8/18/2020
2192.5,2159,2200.5,2159,8/19/2020
2165.5,2186,2198,2146,8/20/2020
2185,2186,2218,2172.5,8/21/2020
2186,2186,2186,2186,8/23/2020
2183,2159,2197.5,2151.5,8/24/2020
2164,2174,2193,2131,8/25/2020
2177,2196.5,2203.5,2145,8/26/2020
2195,2175,2217,2147.5,8/27/2020
2171.5,2207.5,2224.5,2162,8/28/2020
2207.5,2207.5,2207.5,2207.5,8/29/2020
2207.5,2207.5,2207.5,2207.5,8/30/2020
2209,2251.5,2289.5,2208,8/31/2020
2250,2283,2313,2244.5,9/1/2020
2279.5,2249.5,2281.5,2239.5,9/2/2020
2250.5,2301,2385.5,2244.5,9/3/2020
2304.5,2304,2336,2275.5,9/4/2020
2304,2304,2304,2304,9/6/2020
2303.5,2304.5,2326.5,2296.5,9/7/2020
2305,2284,2318,2241,9/8/2020
2279.5,2305.5,2309,2253,9/9/2020
2304.5,2303.5,2338.5,2272.5,9/10/2020
2303.5,2330,2348,2285.5,9/11/2020
2330,2330,2330,2330,9/12/2020
2325.5,2311,2352.5,2311,9/14/2020
2308.5,2409.5,2431.5,2308.5,9/15/2020
2418,2406.5,2428,2372,9/16/2020
2407,2338.5,2409.5,2306.5,9/17/2020
2338.5,2370,2377,2317.5,9/18/2020
2370,2370,2370,2370,9/20/2020
2366.5,2282,2402.5,2250,9/21/2020
2288.5,2228,2309,2222.5,9/22/2020
2200,2233,2292.5,2185,9/23/2020
2234,2235.5,2247,2190.5,9/24/2020
2236,2218.5,2240,2193.5,9/25/2020
2218.5,2218.5,2218.5,2218.5,9/27/2020
2230,2265.5,2282,2212,9/28/2020
2267,2319.5,2329,2253.5,9/29/2020
2317.5,2307.5,2352.5,2300.5,9/30/2020
2312.5,2326,2344,2311.5,10/1/2020
2323.5,2305,2334,2296,10/2/2020
2305,2305,2305,2305,10/4/2020
2311,2372,2375,2297,10/5/2020
2367.5,2359.5,2388.5,2338.5,10/6/2020
2357.5,2361,2381.5,2348,10/7/2020
2356,2380.5,2416,2354,10/8/2020
2383.5,2442,2474.5,2381.5,10/9/2020
2442,2442,2442,2442,10/11/2020
2445,2409,2462.5,2396.5,10/12/2020
2408.5,2322,2427.5,2308.5,10/13/2020
2319,2349.5,2372,2315.5,10/14/2020
2353.5,2359,2364,2325.5,10/15/2020
2360.5,2333,2364,2324,10/16/2020
2333,2333,2333,2333,10/18/2020
2332,2347,2355.5,2332,10/19/2020
2348,2409,2417,2343.5,10/20/2020
2410,2414,2419,2395.5,10/21/2020
2410.5,2382,2417,2355,10/22/2020
2385.5,2395.5,2401.5,2368.5,10/23/2020
2395.5,2379,2395.5,2375.5,10/25/2020
2375.5,2365.5,2390.5,2357,10/26/2020
2364,2335,2385,2321.5,10/27/2020
2334,2247,2359.5,2216,10/28/2020
2246,2203,2282.5,2188,10/29/2020
2208,2214.5,2248.5,2187,10/30/2020
2214.5,2214.5,2214.5,2214.5,10/31/2020
2214.5,2214.5,2214.5,2214.5,11/1/2020
2222.5,2221,2269.5,2197,11/2/2020
2223,2298.5,2303.5,2223,11/3/2020
2294.5,2294.5,2322,2235.5,11/4/2020
2292.5,2378.5,2431.5,2281.5,11/5/2020
2374,2495,2507,2370,11/6/2020
2495,2495,2495,2495,11/8/2020
2495.5,2488,2516.5,2433,11/9/2020
2489,2463.5,2497,2453,11/10/2020
2463,2317.5,2472.5,2306.5,11/11/2020
2318,2341.5,2367,2314.5,11/12/2020
2341.5,2328.5,2356.5,2317.5,11/13/2020
2328.5,2328.5,2328.5,2328.5,11/15/2020
2330,2332,2359.5,2305.5,11/16/2020
2333,2318.5,2346.5,2311,11/17/2020
2320,2338,2380,2316,11/18/2020
2338,2325.5,2345,2278.5,11/19/2020
2322,2329.5,2343.5,2317,11/20/2020
2329.5,2329.5,2329.5,2329.5,11/21/2020
2329.5,2354.5,2363,2325.5,11/23/2020
2352.5,2353.5,2364.5,2325.5,11/24/2020
2349.5,2342,2355,2328,11/25/2020
2340,2396.5,2398.5,2339.5,11/26/2020
2393.5,2427.5,2431.5,2348,11/27/2020
2427.5,2427.5,2427.5,2427.5,11/28/2020
2432,2376,2432,2365,11/30/2020
2377,2417.5,2436,2373,12/1/2020
2414.5,2409.5,2432,2387,12/2/2020
2408.5,2318,2422.5,2244,12/3/2020
2315.5,2352,2389,2315.5,12/4/2020
2352,2352,2352,2352,12/6/2020
2380,2340,2383,2321,12/7/2020
2351.5,2324,2355.5,2301.5,12/8/2020
2322.5,2273.5,2328,2265,12/9/2020
2269.5,2344,2379.5,2268.5,12/10/2020
2345.5,2322,2368,2319,12/11/2020
2322,2323,2323,2322,12/13/2020
2334.5,2309,2338.5,2302,12/14/2020
2307,2321,2365.5,2304,12/15/2020
2321.5,2337,2351,2315,12/16/2020
2336.5,2344.5,2362.5,2327,12/17/2020
2341,2364.5,2393,2331.5,12/18/2020
2364.5,2364.5,2364.5,2364.5,12/20/2020
2362.5,2319,2401,2302,12/21/2020
2323,2318.5,2357.5,2311,12/22/2020
2321.5,2337.5,2348,2318,12/23/2020
2334.5,2348,2354,2322,12/24/2020
2348,2348,2348,2348,12/27/2020
2349.5,2346.5,2475,2342,12/28/2020
2354.5,2346,2376.5,2326.5,12/29/2020
2343,2369.5,2385.5,2339,12/30/2020
2371,2451,2460,2367.5,12/31/2020
2456.5,2467,2467,2456.5,1/3/2021
2466.5,2382,2489.5,2364,1/4/2021
2381.5,2465.5,2510.5,2373.5,1/5/2021
2470,2447.5,2492.5,2399.5,1/6/2021
2449,2425.5,2462.5,2405,1/7/2021
2422.5,2376,2446.5,2344,1/8/2021
2376,2376,2376,2376,1/10/2021
2374.5,2372.5,2400.5,2347.5,1/11/2021
2382.5,2403.5,2404,2369.5,1/12/2021
2401,2394.5,2408,2376.5,1/13/2021
2395,2417.5,2427,2377,1/14/2021
2413,2393,2464.5,2380.5,1/15/2021
2393,2393,2393,2393,1/16/2021
2393,2391.5,2393,2391.5,1/17/2021
2398,2378.5,2407.5,2365.5,1/18/2021
2374.5,2362,2391.5,2354,1/19/2021
2362,2378,2403.5,2347,1/20/2021
2379,2374,2413.5,2367.5,1/21/2021
2371.5,2363,2379.5,2352,1/22/2021
2363,2363,2363,2363,1/23/2021
2363,2363,2363,2363,1/24/2021
2367,2340,2382.5,2327.5,1/25/2021
2338.5,2325.5,2348.5,2315,1/26/2021
2328.5,2308,2331,2306,1/27/2021
2310.5,2340,2357,2286.5,1/28/2021
2342.5,2232,2367,2202.5,1/29/2021
2232,2232,2232,2232,1/30/2021
2232,2232,2232,2232,1/31/2021
2225.5,2254,2288,2225.5,2/1/2021
2252.5,2240,2281,2224,2/2/2021
2245,2282.5,2291,2237.5,2/3/2021
2283.5,2292,2303.5,2251.5,2/4/2021
2296,2352,2356.5,2293.5,2/5/2021
2352,2352,2352,2352,2/7/2021
2354,2343,2367,2333,2/8/2021
2341.5,2328,2359.5,2313,2/9/2021
2328.5,2370.5,2394,2323.5,2/10/2021
2368,2353.5,2379.5,2348,2/11/2021
2355.5,2393,2395,2347.5,2/12/2021
2393,2393,2393,2393,2/13/2021
2393,2396,2396,2393,2/14/2021
2393.5,2396.5,2418,2381.5,2/15/2021
2393.5,2397.5,2424.5,2365.5,2/16/2021
2399.5,2379,2399.5,2367,2/17/2021
2379,2358.5,2400.5,2341,2/18/2021
2363,2387,2388,2334,2/19/2021
2387,2387,2387,2387,2/21/2021
2416,2405.5,2434,2378.5,2/22/2021
2402,2353,2411.5,2305,2/23/2021
2356.5,2442.5,2445.5,2336.5,2/24/2021
2438.5,2408,2492,2408,2/25/2021
2406,2321,2441.5,2310,2/26/2021
2321,2321,2321,2321,2/28/2021
2334.5,2358.5,2394,2334.5,3/1/2021
2361,2375,2389.5,2345,3/2/2021
2376.5,2359,2390.5,2344,3/3/2021
2358.5,2346,2388.5,2340.5,3/4/2021
2344,2341,2377,2332.5,3/5/2021
2341,2340,2343.5,2340,3/7/2021
2346.5,2322,2367.5,2321,3/8/2021
2327,2305,2331.5,2277,3/9/2021
2302,2319,2319,2289.5,3/10/2021
2319,2355.5,2378,2304,3/11/2021
2351.5,2376,2381,2329.5,3/12/2021
2376,2376,2376,2376,3/13/2021
2376,2372,2390,2370.5,3/14/2021
2371,2392,2408,2349.5,3/15/2021
2393,2498.5,2524,2385.5,3/16/2021
2497,2594.5,2602.5,2460,3/17/2021
2596,2684.5,2757.5,2586.5,3/18/2021
2675.5,2638.5,2694,2603.5,3/19/2021
2638.5,2638.5,2638.5,2638.5,3/20/2021
2638.5,2620.5,2638.5,2619,3/21/2021
2620,2629,2660,2562,3/22/2021
2629.5,2608.5,2654.5,2577.5,3/23/2021
2609,2640.5,2649,2603.5,3/24/2021
2641,2625.5,2651.5,2607,3/25/2021
2625,2677.5,2683.5,2616,3/26/2021
2677.5,2683.5,2683.5,2677.5,3/28/2021
2680,2538.5,2683,2520.5,3/29/2021
2535,2592,2612,2528,3/30/2021
2588.5,2625,2636,2588.5,3/31/2021
2624.5,2669.5,2674.5,2617,4/1/2021
2669.5,2669.5,2669.5,2669.5,4/4/2021
2670,2665,2677,2625.5,4/5/2021
2667,2687,2702,2652.5,4/6/2021
2684,2625.5,2688.5,2594.5,4/7/2021
2623.5,2631,2651,2613,4/8/2021
2626.5,2641,2648.5,2619.5,4/9/2021
2641,2641,2641,2641,4/10/2021
2641,2641,2641,2641,4/11/2021
2638,2679.5,2686,2619.5,4/12/2021
2682.5,2697.5,2712,2676.5,4/13/2021
2701.5,2681,2705,2673.5,4/14/2021
2682,2742.5,2759.5,2682,4/15/2021
2747,2780,2788,2735,4/16/2021
2780,2780,2780,2780,4/17/2021
2786,2786,2786,2786,4/18/2021
2775.5,2816,2848,2764.5,4/19/2021
2807,2764.5,2819.5,2729.5,4/20/2021
2757.5,2877.5,2899.5,2757.5,4/21/2021
2877,2842.5,2892.5,2817,4/22/2021
2833.5,2859,2929,2833.5,4/23/2021
2859,2859,2859,2859,4/25/2021
2859,2932,2947.5,2847.5,4/26/2021
2921,2945,2965,2893,4/27/2021
2947,2933.5,2950,2899,4/28/2021
2939.5,2955,2977,2921.5,4/29/2021
2957,2937,3010.5,2934,4/30/2021
2937,2937,2937,2937,5/1/2021
2937,2937,2937,2937,5/2/2021
2941,2977.5,2997.5,2941,5/3/2021
2976.5,2986.5,3019.5,2965.5,5/4/2021
2989.5,2975.5,3011,2958.5,5/5/2021
2976.5,2951,2992.5,2912,5/6/2021
2949,2927.5,2967,2835.5,5/7/2021
2927.5,2927.5,2927.5,2927.5,5/8/2021
2927.5,2927.5,2927.5,2927.5,5/9/2021
2928,2964,3001.5,2926.5,5/10/2021
2961.5,2940,2986.5,2916.5,5/11/2021
2942,2859,2960,2854,5/12/2021
2862,2866,2907,2806.5,5/13/2021
2869,2895,2928,2865.5,5/14/2021
2895,2895,2895,2895,5/16/2021
2893.5,2905.5,2913,2884.5,5/17/2021
2905,2906,2944,2897,5/18/2021
2908,2870,2915,2849.5,5/19/2021
2871.5,2856.5,2899.5,2851.5,5/20/2021
2858,2778.5,2879,2767.5,5/21/2021
2778.5,2778.5,2778.5,2778.5,5/23/2021
2772,2729,2817,2722.5,5/24/2021
2733,2773,2792,2732.5,5/25/2021
2776.5,2748.5,2809,2739.5,5/26/2021
2745,2809,2837.5,2739,5/27/2021
2810.5,2828,2838.5,2786,5/28/2021
2828,2828,2828,2828,5/30/2021
2828,2835,2853.5,2822,5/31/2021
2833.5,2863,2870.5,2816,6/1/2021
2866,2859.5,2871,2834,6/2/2021
2857.5,2839,2870,2796,6/3/2021
2842.5,2847.5,2847.5,2812,6/4/2021
2847.5,2847.5,2847.5,2847.5,6/5/2021
2847.5,2838.5,2847.5,2838.5,6/6/2021
2840.5,2837.5,2847,2824,6/7/2021
2834.5,2811.5,2847.5,2756,6/8/2021
2809.5,2777,2821,2769,6/9/2021
2774,2775,2785,2741,6/10/2021
2773,2778.5,2812.5,2764.5,6/11/2021
2778.5,2778.5,2778.5,2778.5,6/12/2021
2781,2758,2783.5,2748.5,6/14/2021
2756.5,2767,2769.5,2742.5,6/15/2021
2765.5,2804,2844,2759,6/16/2021
2800.5,2490,2811,2490,6/17/2021
2492,2468.5,2592.5,2454.5,6/18/2021
2466.5,2466.5,2466.5,2466.5,6/20/2021
2475.5,2581.5,2588.5,2468.5,6/21/2021
2583,2560.5,2607.5,2549.5,6/22/2021
2555.5,2616,2636,2548.5,6/23/2021
2618,2648,2657,2608,6/24/2021
2647.5,2643.5,2663.5,2616.5,6/25/2021
2643.5,2643.5,2643.5,2643.5,6/27/2021
2647,2692.5,2701.5,2633,6/28/2021
2693.5,2684.5,2701,2665.5,6/29/2021
2685,2784.5,2792,2671.5,6/30/2021
2785,2768,2797.5,2752.5,7/1/2021
2758,2787.5,2810,2756.5,7/2/2021
2787.5,2787.5,2787.5,2787.5,7/3/2021
2799,2818,2821.5,2791,7/5/2021
2820,2795.5,2881,2767.5,7/6/2021
2793,2851,2869.5,2769.5,7/7/2021
2854,2803.5,2861,2782,7/8/2021
2794.5,2812,2821.5,2791.5,7/9/2021
2812,2812,2812,2812,7/10/2021
2812,2813,2813,2812,7/11/2021
2810,2857.5,2867,2790.5,7/12/2021
2851,2831,2859,2828,7/13/2021
2834,2829,2847.5,2798.5,7/14/2021
2827.5,2732.5,2832,2700,7/15/2021
2733,2632.5,2753,2617,7/16/2021
2632.5,2629,2632.5,2626.5,7/18/2021
2633,2596,2651.5,2576.5,7/19/2021
2599,2644,2656,2572.5,7/20/2021
2643,2662.5,2678.5,2634.5,7/21/2021
2664,2723.5,2734,2659,7/22/2021
2732,2675.5,2740.5,2651,7/23/2021
2675.5,2675.5,2675.5,2675.5,7/24/2021
2675.5,2683,2684,2675.5,7/25/2021
2682.5,2663,2710,2658.5,7/26/2021
2658.5,2609,2673.5,2593,7/27/2021
2602,2625.5,2636.5,2601,7/28/2021
2628.5,2649.5,2679,2627.5,7/29/2021
2650.5,2663,2669,2630.5,7/30/2021
2663,2663,2663,2663,7/31/2021
2663,2663,2663,2663,8/1/2021
2669.5,2685,2698,2658.5,8/2/2021
2686.5,2651.5,2709.5,2639.5,8/3/2021
2652,2654,2682,2648.5,8/4/2021
2653.5,2655,2672.5,2639.5,8/5/2021
2658,2631,2675,2629,8/6/2021
2631,2631,2631,2631,8/7/2021
2631,2632,2636.5,2631,8/8/2021
2638,2608,2641.5,2604.5,8/9/2021
2610,2650,2668.5,2599,8/10/2021
2653,2641,2665.5,2618.5,8/11/2021
2640,2631,2652,2622,8/12/2021
2635,2653.5,2667,2612.5,8/13/2021
2653.5,2653.5,2653.5,2653.5,8/14/2021
2653.5,2660,2660,2653.5,8/15/2021
2647.5,2608.5,2657.5,2581.5,8/16/2021
2610.5,2488.5,2615,2471.5,8/17/2021
2491,2425.5,2540,2416.5,8/18/2021
2426,2315.5,2437.5,2302,8/19/2021
2312,2278.5,2347,2275,8/20/2021
2278.5,2278.5,2278.5,2278.5,8/22/2021
2284,2395,2435.5,2272.5,8/23/2021
2405.5,2475.5,2479,2396,8/24/2021
2469.5,2432,2486.5,2428,8/25/2021
2428,2393,2432,2364.5,8/26/2021
2397,2421,2442,2397,8/27/2021
2421,2421,2421,2421,8/29/2021
2429,2495.5,2503.5,2408,8/30/2021
2491.5,2475,2505.5,2468,8/31/2021
2475.5,2447,2503.5,2438.5,9/1/2021
2452,2411.5,2452,2393.5,9/2/2021
2411.5,2423.5,2442.5,2393.5,9/3/2021
2423.5,2423.5,2423.5,2423.5,9/4/2021
2423.5,2430,2430,2423.5,9/5/2021
2430,2413.5,2442.5,2397,9/6/2021
2416,2377.5,2417.5,2354.5,9/7/2021
2375.5,2254,2389.5,2221.5,9/8/2021
2252.5,2182,2273.5,2154,9/9/2021
2193.5,2141.5,2228,2132,9/10/2021
2141.5,2141.5,2141.5,2141.5,9/11/2021
2141.5,2141.5,2141.5,2141.5,9/12/2021
2111,2090.5,2174,2075,9/13/2021
2095.5,1979,2103.5,1938.5,9/14/2021
1983,2011,2043.5,1958.5,9/15/2021
2018.5,2035,2098,2005,9/16/2021
2029,2019,2056.5,1986,9/17/2021
2019,2019,2019,2019,9/19/2021
2024.5,1886.5,2031,1852.5,9/20/2021
1898.5,1909,1957.5,1890.5,9/21/2021
1911.5,2030.5,2070.5,1906,9/22/2021
2026.5,1986,2084.5,1964,9/23/2021
1989,1974,2027.5,1940.5,9/24/2021
1974,1974,1974,1974,9/25/2021
1974,1974,1974,1974,9/26/2021
1971.5,1970,1995.5,1944,9/27/2021
1970.5,1881,1973,1865,9/28/2021
1887.5,1862.5,1918.5,1849,9/29/2021
1868.5,1915,1922.5,1858.5,9/30/2021
1912.5,1922,1939,1867,10/1/2021
1922,1922,1922,1922,10/3/2021
1928,1908,1936.5,1885,10/4/2021
1911,1918.5,1931,1895,10/5/2021
1916,1899.5,1917.5,1851,10/6/2021
1898,1961.5,2004.5,1883.5,10/7/2021
1965,2080.5,2089.5,1950.5,10/8/2021
2080.5,2080.5,2080.5,2080.5,10/10/2021
2170,2114,2186,2114,10/11/2021
2117,2051,2129.5,2045,10/12/2021
2052.5,2114.5,2153.5,2047.5,10/13/2021
2117,2133.5,2206.5,2088.5,10/14/2021
2140.5,2076.5,2159.5,2072.5,10/15/2021
2076.5,2076.5,2076.5,2076.5,10/17/2021
2067,2021.5,2074,1979.5,10/18/2021
2023.5,2102.5,2117.5,2016,10/19/2021
2112,2075.5,2126,2035,10/20/2021
2074.5,2018.5,2097.5,1985,10/21/2021
2016.5,2026,2045.5,2005,10/22/2021
2026,2026,2026,2026,10/23/2021
2026,2026,2026,2026,10/24/2021
2026,2059.5,2082,2026,10/25/2021
2065,2013,2065.5,1968,10/26/2021
2006,1964.5,2024.5,1945,10/27/2021
1962,1995,2016,1956,10/28/2021
1998,2007.5,2011.5,1944.5,10/29/2021
2007.5,2007.5,2007.5,2007.5,10/30/2021
2007.5,1995,2011.5,1995,10/31/2021
1997.5,2055.5,2076,1980,11/1/2021
2052,2014.5,2058.5,2010.5,11/2/2021
2015,2009,2030,1982.5,11/3/2021
2009.5,2009,2063.5,1995,11/4/2021
2010.5,2038,2050.5,2001,11/5/2021
2038,2038,2038,2038,11/6/2021
2038,2038,2038,2038,11/7/2021
2043.5,2078,2090,2032,11/8/2021
2080,2025.5,2107,2015,11/9/2021
2024,2030.5,2069.5,2006,11/10/2021
2028,2064.5,2088.5,2024,11/11/2021
2065,2113,2126,2028.5,11/12/2021
2113,2113,2113,2113,11/14/2021
2109,2154,2174.5,2109,11/15/2021
2153.5,2164,2181,2138.5,11/16/2021
2162.5,2194,2196,2151.5,11/17/2021
2192,2136,2214,2129,11/18/2021
2137.5,2061,2150,2059,11/19/2021
2061,2061,2061,2061,11/20/2021
2061,2061,2061,2061,11/21/2021
2055.5,1957,2081.5,1949,11/22/2021
1967,1876,1996.5,1841,11/23/2021
1875,1856,1913.5,1848.5,11/24/2021
1858,1869,1917,1858,11/25/2021
1875.5,1751.5,1885.5,1705.5,11/26/2021
1751.5,1751.5,1751.5,1751.5,11/28/2021
1782,1796.5,1815.5,1775.5,11/29/2021
1797.5,1742,1807.5,1708,11/30/2021
1747,1750,1789,1735.5,12/1/2021
1753.5,1784.5,1788,1715.5,12/2/2021
1800,1816,1876,1776,12/3/2021
1816,1816,1816,1816,12/4/2021
1816,1816,1816,1816,12/5/2021
1815.5,1853.5,1862,1759,12/6/2021
1855.5,1854,1886,1830.5,12/7/2021
1852.5,1855.5,1877.5,1836.5,12/8/2021
1857.5,1817,1872,1755.5,12/9/2021
1811.5,1763.5,1820.5,1741.5,12/10/2021
1763.5,1763.5,1763.5,1763.5,12/11/2021
1763.5,1763.5,1763.5,1763.5,12/12/2021
1786,1683,1788,1667,12/13/2021
1684,1627,1697,1585,12/14/2021
1626,1600,1635.5,1540.5,12/15/2021
1614,1734.5,1736.5,1606.5,12/16/2021
1734.5,1788.5,1865,1718,12/17/2021
1788.5,1788.5,1788.5,1788.5,12/18/2021
1788.5,1788.5,1788.5,1788.5,12/19/2021
1784.5,1754.5,1786,1698,12/20/2021
1763.5,1801.5,1834.5,1746,12/21/2021
1795.5,1891.5,1907,1788.5,12/22/2021
1887,1951,1963.5,1843,12/23/2021
1951,1951,1951,1951,12/26/2021
1949.5,1970.5,2001,1939,12/27/2021
1973.5,1994,2020.5,1890.5,12/28/2021
1992.5,1983.5,1998.5,1949.5,12/29/2021
1984.5,1967.5,2020,1948,12/30/2021
1965,1872,1969,1860.5,12/31/2021
1905,1905,1905,1905,1/2/2022
1906,1823.5,1909.5,1819.5,1/3/2022
1825.5,1874.5,1897.5,1825.5,1/4/2022
1875,1867,1924.5,1848.5,1/5/2022
1867.5,1878,1900,1834.5,1/6/2022
1877.5,1935.5,1951,1862,1/7/2022
1935.5,1935.5,1935.5,1935.5,1/9/2022
1942.5,1911.5,1972,1895,1/10/2022
1914.5,1927.5,1944,1861.5,1/11/2022
1927.5,1914,1951,1903,1/12/2022
1915.5,1890,1920,1868,1/13/2022
1887,1883.5,1920,1861,1/14/2022
1883.5,1883.5,1883.5,1883.5,1/16/2022
1882,1878,1899,1869,1/17/2022
1873,1907,1931.5,1872.5,1/18/2022
1899,2005.5,2036.5,1881.5,1/19/2022
1997,2066.5,2084,1983,1/20/2022
2060,2112.5,2146.5,2035,1/21/2022
2112.5,2112.5,2112.5,2112.5,1/22/2022
2112.5,2107.5,2112.5,2107.5,1/23/2022
2104.5,2148.5,2157.5,2093.5,1/24/2022
2149,2202.5,2213.5,2136.5,1/25/2022
2198,2333,2383.5,2185,1/26/2022
2331,2376,2395,2245,1/27/2022
2373,2379,2389,2261.5,1/28/2022
2379,2388.5,2388.5,2379,1/30/2022
2373,2351,2453,2348,1/31/2022
2333.5,2354.5,2398,2306,2/1/2022
2352.5,2377.5,2429,2345.5,2/2/2022
2366,2329,2397,2285,2/3/2022
2340.5,2294,2361.5,2281.5,2/4/2022
2294,2294,2294,2294,2/6/2022
2296,2269.5,2310.5,2178.5,2/7/2022
2268,2247.5,2288,2210.5,2/8/2022
2248,2283,2301.5,2238,2/9/2022
2284.5,2258,2334,2250,2/10/2022
2253,2314,2363,2183,2/11/2022
2314,2343.5,2344.5,2314,2/13/2022
2312,2370.5,2395.5,2260.5,2/14/2022
2367.5,2255,2379,2194,2/15/2022
2262,2291,2318,2231.5,2/16/2022
2286,2373,2421.5,2279.5,2/17/2022
2372,2348.5,2385,2295,2/18/2022
2348.5,2348.5,2348.5,2348.5,2/20/2022
2320.5,2387.5,2392.5,2304,2/21/2022
2406,2359,2436,2350,2/22/2022
2352.5,2477.5,2483,2347.5,2/23/2022
2484,2418,2713.5,2318.5,2/24/2022
2417.5,2367,2485.5,2323.5,2/25/2022
2367,2417,2417,2367,2/27/2022
2530.5,2493.5,2530.5,2448.5,2/28/2022
2500,2589.5,2721,2488,3/1/2022
2592,2681.5,2681.5,2566,3/2/2022
2674.5,2791,2800.5,2634,3/3/2022
2783,3008,3017,2779.5,3/4/2022
3008,3008,3008,3008,3/5/2022
3008,3008,3008,3008,3/6/2022
3091.5,2998,3435.5,2855.5,3/7/2022
2997,3178,3224,2897.5,3/8/2022
3205,2942,3305,2896,3/9/2022
2922.5,2933.5,2982.5,2867,3/10/2022
2917.5,2804.5,2985,2714,3/11/2022
2804.5,2735,2804.5,2713.5,3/13/2022
2732.5,2382,2760,2327.5,3/14/2022
2393,2437,2499.5,2365,3/15/2022
2432,2408,2498.5,2386,3/16/2022
2410.5,2542,2543,2404.5,3/17/2022
2576.5,2493.5,2640,2483.5,3/18/2022
2493.5,2493.5,2493.5,2486.5,3/20/2022
2494,2599,2610.5,2475.5,3/21/2022
2590,2518,2595.5,2476.5,3/22/2022
2510.5,2541,2585,2487,3/23/2022
2541.5,2526.5,2556,2495.5,3/24/2022
2539.5,2339.5,2545.5,2302.5,3/25/2022
2339.5,2339.5,2339.5,2339.5,3/27/2022
2330.5,2235.5,2391,2163.5,3/28/2022
2238.5,2160.5,2299.5,2039,3/29/2022
2143,2269,2272.5,2132.5,3/30/2022
2270.5,2265.5,2299.5,2200,3/31/2022
2275,2279,2347,2217.5,4/1/2022
2279,2279,2279,2279,4/3/2022
2277,2278,2338.5,2274,4/4/2022
2285.5,2234.5,2317.5,2215.5,4/5/2022
2240.5,2198.5,2276,2172,4/6/2022
2187.5,2240.5,2281.5,2187.5,4/7/2022
2239.5,2424.5,2485.5,2237,4/8/2022
2424.5,2424.5,2424.5,2424.5,4/9/2022
2424.5,2424.5,2424.5,2424.5,4/10/2022
2440,2435.5,2544,2418,4/11/2022
2429.5,2333.5,2470,2322.5,4/12/2022
2335,2321.5,2430,2314,4/13/2022
2320.5,2372,2390,2320.5,4/14/2022
2372,2372,2372,2372,4/15/2022
2372,2372,2372,2372,4/16/2022
2372,2372,2372,2372,4/17/2022
2372,2448,2448,2372,4/18/2022
2458.5,2378,2458.5,2358.5,4/19/2022
2389.5,2461,2496,2367.5,4/20/2022
2444.5,2428.5,2490.5,2392,4/21/2022
2418.5,2380,2457,2374,4/22/2022
2380,2380,2380,2380,4/23/2022
2380,2380,2380,2380,4/24/2022
2356.5,2148.5,2359.5,2075,4/25/2022
2152,2188,2253.5,2146.5,4/26/2022
2165.5,2213.5,2265,2165.5,4/27/2022
2207.5,2235.5,2295.5,2207.5,4/28/2022
2250,2323,2331,2242.5,4/29/2022
2323,2323,2323,2323,5/1/2022
2327.5,2215.5,2328,2178.5,5/2/2022
2212,2265.5,2287.5,2211,5/3/2022
2265.5,2259,2293.5,2228,5/4/2022
2257.5,2191,2285,2176.5,5/5/2022
2186,2049.5,2192,2004.5,5/6/2022
2049.5,2049.5,2049.5,2049.5,5/7/2022
2049.5,2060,2060,2049.5,5/8/2022
2047,2092.5,2147.5,2011.5,5/9/2022
2110,2070,2166.5,2047.5,5/10/2022
2072,2033,2095.5,2025.5,5/11/2022
2033.5,1907,2052.5,1871,5/12/2022
1925.5,1945.5,1977,1900,5/13/2022
1945.5,1945.5,1945.5,1945.5,5/14/2022
1945.5,1945.5,1945.5,1945.5,5/15/2022
1951,2026.5,2042.5,1915.5,5/16/2022
2020,2056,2093.5,1995.5,5/17/2022
2055,2017.5,2123.5,1993.5,5/18/2022
2012.5,2009,2036,1954.5,5/19/2022
2008.5,1968.5,2041.5,1937,5/20/2022
1968.5,1968.5,1968.5,1968.5,5/21/2022
1968.5,1968.5,1968.5,1968.5,5/22/2022
1980.5,1999.5,2042.5,1976,5/23/2022
1997,2008.5,2032,1979,5/24/2022
2009.5,2009.5,2049.5,1976.5,5/25/2022
2014.5,2019,2022,1987,5/26/2022
2020,2076,2077.5,2017.5,5/27/2022
2076,2076,2076,2076,5/28/2022
2076,2076,2076,2076,5/29/2022
2074,2039,2094,2035,5/30/2022
2038,2007.5,2098,1980.5,5/31/2022
2001.5,1999.5,2044.5,1986.5,6/1/2022
1995.5,2056,2061,1993,6/2/2022
2056,1985,2073.5,1966.5,6/3/2022
1985,1985,1985,1985,6/4/2022
1985,1985,1985,1985,6/5/2022
1972,2008.5,2033.5,1972,6/6/2022
2009,1990.5,2024.5,1943.5,6/7/2022
1991,1941.5,2004,1935.5,6/8/2022
1940,1925,1967,1918,6/9/2022
1933.5,1937,1946.5,1872.5,6/10/2022
1937,1937,1937,1937,6/11/2022
1937,1937,1937,1937,6/12/2022
1939.5,1794.5,1940.5,1792,6/13/2022
1792,1818.5,1853,1790,6/14/2022
1825,1859,1879.5,1822.5,6/15/2022
1865,1886,1891,1840,6/16/2022
1885,1817.5,1917,1814,6/17/2022
1817.5,1817.5,1817.5,1817.5,6/18/2022
1817.5,1817.5,1817.5,1817.5,6/19/2022
1817,1863,1881,1816.5,6/20/2022
1863,1882.5,1913.5,1848.5,6/21/2022
1880.5,1865,1892,1854.5,6/22/2022
1864,1844,1903,1840,6/23/2022
1844.5,1881,1889,1844,6/24/2022
1881,1881,1881,1881,6/25/2022
1881,1881,1881,1881,6/26/2022
1887.5,1872.5,1966,1870.5,6/27/2022
1873,1874.5,1914.5,1866,6/28/2022
1877,1963.5,2021,1874,6/29/2022
1961.5,1938.5,1992,1875,6/30/2022
1941,1963,1970.5,1888,7/1/2022
1963,1963,1963,1963,7/3/2022
1965.5,1934,1969.5,1933,7/4/2022
1945.5,1939,1948.5,1898,7/5/2022
1935,1918.5,1972,1905.5,7/6/2022
1919.5,2008.5,2025.5,1918,7/7/2022
2009.5,2185,2192.5,1992.5,7/8/2022
2185,2185,2185,2185,7/10/2022
2171.5,2167.5,2207.5,2104,7/11/2022
2162,2032.5,2165,2023,7/12/2022
2031.5,1984.5,2040,1947.5,7/13/2022
1984.5,1910,1990,1880.5,7/14/2022
1903.5,1834.5,1924,1833,7/15/2022
1834.5,1834.5,1834.5,1834.5,7/17/2022
1848,1860,1898.5,1840,7/18/2022
1871,1882,1895.5,1850.5,7/19/2022
1879.5,1864.5,1908.5,1854,7/20/2022
1870.5,1891.5,1893.5,1844,7/21/2022
1891,2043.5,2054.5,1885.5,7/22/2022
2043.5,2043.5,2043.5,2043.5,7/24/2022
1979,2009.5,2026,1977,7/25/2022
2006.5,2014.5,2026,1978,7/26/2022
2012,2033,2037,1996.5,7/27/2022
2032.5,2081.5,2098,2028,7/28/2022
2088,2131,2141,2049,7/29/2022
2131,2131,2131,2131,7/30/2022
2131,2131,2131,2131,7/31/2022
2129,2198,2227,2093.5,8/1/2022
2200.5,2060.5,2224.5,2054,8/2/2022
2057.5,2023.5,2097.5,1997,8/3/2022
2020,2069.5,2104.5,1999,8/4/2022
2062,2128.5,2148,2061,8/5/2022
2128.5,2128.5,2128.5,2128.5,8/6/2022
2128.5,2128.5,2128.5,2128.5,8/7/2022
2189.5,2242.5,2259.5,2183,8/8/2022
2241.5,2227,2264,2191,8/9/2022
2228,2255,2267.5,2198,8/10/2022
2255,2290,2304.5,2234.5,8/11/2022
2294,2227,2297,2214.5,8/12/2022
2227,2227,2227,2227,8/13/2022
2227,2227,2227,2227,8/14/2022
2223.5,2151.5,2236.5,2133.5,8/15/2022
2149,2177.5,2177.5,2113.5,8/16/2022
2163,2144.5,2164,2129.5,8/17/2022
2142.5,2159,2186.5,2131,8/18/2022
2160.5,2127,2164,2105.5,8/19/2022
2127,2127,2127,2127,8/20/2022
2127,2127,2127,2127,8/21/2022
2120.5,2001,2149,1967,8/22/2022
1998.5,1983.5,2033,1976.5,8/23/2022
1983,2038,2050.5,1970,8/24/2022
2052,2151.5,2169,2038.5,8/25/2022
2155,2113,2207.5,2102,8/26/2022
2113,2113,2113,2113,8/27/2022
2113,2113,2113,2113,8/28/2022
2106,2151,2165.5,2098.5,8/29/2022
2154,2091.5,2175.5,2067.5,8/30/2022
2090,2087.5,2139.5,2066,8/31/2022
2088.5,2013,2102,2002,9/1/2022
2017.5,2027.5,2067,2008.5,9/2/2022
2027.5,2027.5,2027.5,2027.5,9/3/2022
2027.5,2027.5,2027.5,2027.5,9/4/2022
2024.5,2037,2047.5,2016.5,9/5/2022
2039,2010,2076,1957,9/6/2022
1998,2045,2058,1982,9/7/2022
2050,2142.5,2183.5,2028.5,9/8/2022
2139,2180,2193.5,2105,9/9/2022
2180,2180,2180,2180,9/10/2022
2180,2180,2180,2180,9/11/2022
2188.5,2269,2278,2161,9/12/2022
2265,2106,2273.5,2096.5,9/13/2022
2093.5,2167.5,2178,2077,9/14/2022
2163,2139.5,2182,2122,9/15/2022
2136,2139,2144.5,2078.5,9/16/2022
2139,2139,2139,2139,9/18/2022
2129,2228.5,2238,2094.5,9/19/2022
2223,2171.5,2224.5,2110.5,9/20/2022
2167,2159,2208,2113,9/21/2022
2173,2173.5,2192.5,2083.5,9/22/2022
2168.5,2072,2175,2065,9/23/2022
2072,2072,2072,2072,9/24/2022
2072,2072,2072,2072,9/25/2022
2069,2053,2100.5,2032,9/26/2022
2045.5,2090.5,2130,2031,9/27/2022
2076.5,2169,2171.5,2042.5,9/28/2022
2151,2207,2256,2117,9/29/2022
2205,2176,2236,2161.5,9/30/2022
2176,2176,2176,2176,10/1/2022
2176,2176,2176,2176,10/2/2022
2177,2227,2259.5,2161.5,10/3/2022
2227,2321,2350.5,2221.5,10/4/2022
2329,2250,2329.5,2198,10/5/2022
2250,2270,2309,2243.5,10/6/2022
2268.5,2186,2299.5,2177.5,10/7/2022
2186,2186,2186,2186,10/8/2022
2186,2186,2186,2186,10/9/2022
2187.5,2162.5,2268,2146.5,10/10/2022
2162.5,2145,2197.5,2109.5,10/11/2022
2124.5,2131,2181,2101,10/12/2022
2129.5,2111.5,2154.5,2008,10/13/2022
2108.5,1994,2133.5,1983.5,10/14/2022
1994,1994,1994,1994,10/15/2022
0,1992,0,1992,10/16/2022
1987.5,2003,2043,1987.5,10/17/2022
2003,2017,2039.5,2003,10/18/2022
2021,2001.5,2033.5,1959.5,10/19/2022
2004.5,2080.5,2095.5,1976.5,10/20/2022
2057.5,2012.5,2080.5,1955,10/21/2022
2012.5,2012.5,2023.5,2012.5,10/22/2022
0,2021,0,0,10/23/2022
2036,1975,2074,1967,10/24/2022
1971,1927,2004,1886.5,10/25/2022
1948.5,1965.5,1980,1936.5,10/26/2022
1965.5,1945,2000.5,1910,10/27/2022
1941,1905,1972.5,1888,10/28/2022
1905,1905,1905,1905,10/29/2022
1908.5,1892.5,1908.5,1892.5,10/30/2022
1903.5,1841.5,1926.5,1821,10/31/2022
1851.5,1885,1953.5,1848,11/1/2022
1891.5,1855.5,1918,1848,11/2/2022
1851,1807.5,1874.5,1773,11/3/2022
1805.5,1846.5,1920.5,1802.5,11/4/2022
1846.5,1846.5,1846.5,1846.5,11/5/2022
1861.5,1903.5,1914.5,1846.5,11/7/2022
1903.5,1936.5,1942,1857.5,11/8/2022
1919,1862,1952,1836.5,11/9/2022
1862,1962,1983,1814.5,11/10/2022
1971.5,2051,2051,1941.5,11/11/2022
2051,2051,2051,2051,11/12/2022
2051,2051,2051,2051,11/13/2022
2028.5,2040.5,2045,1958,11/14/2022
2026,2078.5,2114.5,2019,11/15/2022
2078.5,2081.5,2114,2051.5,11/16/2022
2078,2010,2081.5,1980,11/17/2022
2013.5,1936.5,2029.5,1934.5,11/18/2022
1936.5,1936.5,1936.5,1936.5,11/19/2022
0,1940,1940,0,11/20/2022
1935,1854,1947,1828,11/21/2022
1870,1858.5,1894,1846,11/22/2022
1862,1877,1899.5,1857.5,11/23/2022
1886.5,1884.5,1911,1877,11/24/2022
1888,1856,1890,1803.5,11/25/2022
1856,1856,1856,1856,11/26/2022
1830.5,1848,1880,1827.5,11/28/2022
1849,1836,1887,1822,11/29/2022
1839,1866,1935.5,1839,11/30/2022
1889,1944.5,1951.5,1869.5,12/1/2022
1943,1897,1945,1870.5,12/2/2022
1897,1897,1897,1897,12/3/2022
1897,1897,1897,1897,12/4/2022
1902.5,1857.5,1935.5,1853.5,12/5/2022
1876,1850.5,1896,1847,12/6/2022
1853.5,1853.5,1885,1842.5,12/7/2022
1851,1930,1944.5,1844,12/8/2022
1932,1950.5,1968,1913.5,12/9/2022
1950.5,1950.5,1950.5,1950.5,12/10/2022
1954,1879,1955.5,1872.5,12/12/2022
1884.5,1931.5,1997.5,1876.5,12/13/2022
1936.5,1917,1942,1907.5,12/14/2022
1919,1808.5,1922,1759.5,12/15/2022
1796.5,1701.5,1821.5,1700.5,12/16/2022
1701.5,1701.5,1701.5,1701.5,12/17/2022
1708,1678,1744.5,1668,12/19/2022
1684,1746.5,1759.5,1668,12/20/2022
1746.5,1675,1754.5,1668.5,12/21/2022
1675,1680.5,1745.5,1664.5,12/22/2022
1684.5,1740,1762,1652,12/23/2022
1761.5,1832.5,1841,1761,12/27/2022
1832.5,1785,1845.5,1754,12/28/2022
1785.5,1816.5,1842,1755.5,12/29/2022
1820,1798,1828,1759.5,12/30/2022
1803,1695,1816.5,1692,1/3/2023
1715.5,1797.5,1807.5,1711,1/4/2023
1795.5,1731.5,1835.5,1724,1/5/2023
1731.5,1806.5,1815.5,1731.5,1/6/2023
0,1806.5,1813.5,0,1/8/2023
1817.5,1775.5,1841.5,1761,1/9/2023
1775.5,1779.5,1811.5,1766.5,1/10/2023
1786,1783,1796.5,1748.5,1/11/2023
1776,1800.5,1800.5,1737,1/12/2023
1789,1788.5,1810,1732,1/13/2023
1788.5,1794.5,1794.5,1788.5,1/14/2023
1792,1754,1792.5,1747.5,1/16/2023
1754,1738,1766,1710.5,1/17/2023
1743,1709,1796.5,1696,1/18/2023
1709,1774.5,1781.5,1668.5,1/19/2023
1759,1729,1766,1721,1/20/2023
1729,1729,1729,1729,1/21/2023
1729,1729,1729,1729,1/22/2023
1737.5,1705.5,1754,1696.5,1/23/2023
1705.5,1741.5,1754,1695,1/24/2023
1743,1692,1747,1683,1/25/2023
1689.5,1671,1710.5,1666,1/26/2023
1675,1607.5,1684,1606,1/27/2023
1607.5,1607.5,1607.5,1607.5,1/28/2023
1607.5,1609.5,1609.5,1607.5,1/29/2023
1618.5,1650,1654.5,1617,1/30/2023
1642,1660.5,1673.5,1597.5,1/31/2023
1660.5,1660,1705.5,1626,2/1/2023
1662.5,1654.5,1696.5,1642.5,2/2/2023
1669,1627,1707.5,1605.5,2/3/2023
1627,1627,1627,1627,2/4/2023
1627,1632.5,1632.5,1627,2/5/2023
1622,1595.5,1637,1557,2/6/2023
1600.5,1652.5,1667,1572,2/7/2023
1645.5,1650,1684.5,1634.5,2/8/2023
1649,1630.5,1682,1607.5,2/9/2023
1629.5,1545.5,1640.5,1543,2/10/2023
1545.5,1545.5,1545.5,1545.5,2/11/2023
1545.5,1546,1546,1545.5,2/12/2023
1548.5,1556.5,1582.5,1536,2/13/2023
1567.5,1484,1594.5,1477,2/14/2023
1503.5,1461.5,1508,1433.5,2/15/2023
1467,1539.5,1544,1450,2/16/2023
1522.5,1501,1522.5,1455.5,2/17/2023
1501,1501,1501,1501,2/18/2023
1501,1501,1501,1501,2/19/2023
1504,1520.5,1544,1490,2/20/2023
1518.5,1530.5,1546,1491,2/21/2023
1537.5,1492,1539.5,1485.5,2/22/2023
1486,1436.5,1502.5,1431.5,2/23/2023
1451,1405,1455,1364.5,2/24/2023
1405,1405,1405,1405,2/25/2023
1387.5,1437,1472.5,1387.5,2/27/2023
1427.5,1431,1449.5,1399.5,2/28/2023
1423.5,1447.5,1459.5,1418,3/1/2023
1444.5,1453,1453.5,1423.5,3/2/2023
1452,1455,1468,1425.5,3/3/2023
1457,1457,1457,1457,3/5/2023
1446,1437.5,1455,1414,3/6/2023
1438,1387,1450.5,1381,3/7/2023
1384,1381,1415.5,1366.5,3/8/2023
1364,1392.5,1411,1352,3/9/2023
1392,1380.5,1412,1364.5,3/10/2023
1380.5,1380.5,1380.5,1380.5,3/11/2023
1392,1388.5,1398,1388.5,3/12/2023
1394,1476,1503,1381,3/13/2023
1479.5,1526.5,1550,1450.5,3/14/2023
1522.5,1463,1534.5,1423.5,3/15/2023
1462,1427,1475,1412.5,3/16/2023
1432.5,1423,1456,1386,3/17/2023
1422,1417.5,1427,1384.5,3/20/2023
1414,1407,1422.5,1385.5,3/21/2023
1405,1453,1469.5,1370.5,3/22/2023
1454,1441,1471,1423.5,3/23/2023
1433.5,1422.5,1442.5,1394,3/24/2023
1422.5,1422.5,1422.5,1422.5,3/25/2023
1422.5,1422.5,1422.5,1422.5,3/26/2023
1420,1412,1430,1397,3/27/2023
1422,1422.5,1427,1394.5,3/28/2023
1427.5,1443,1458,1412.5,3/29/2023
1429.5,1467.5,1500,1429,3/30/2023
1464,1467,1507.5,1462.5,3/31/2023
1467,1467,1467,1467,4/1/2023
1467,1467,1467,1467,4/2/2023
1460,1463,1502,1443.5,4/3/2023
1463.5,1461.5,1492,1442,4/4/2023
1469.5,1433.5,1481,1424.5,4/5/2023
1427,1470.5,1476,1416,4/6/2023
1470.5,1470.5,1470.5,1470.5,4/7/2023
1470.5,1470.5,1470.5,1470.5,4/8/2023
1470.5,1470.5,1470.5,1470.5,4/9/2023
1471,1415.5,1476,1410,4/10/2023
1423,1450.5,1469.5,1422.5,4/11/2023
1451,1464,1476,1440.5,4/12/2023
1471.5,1503.5,1532.5,1453,4/13/2023
1519.5,1508,1531,1480.5,4/14/2023
1508,1508,1508,1508,4/15/2023
1508,1508,1508,1508,4/16/2023
1504,1563.5,1575,1489.5,4/17/2023
1568.5,1642,1650,1565,4/18/2023
1622.5,1620,1634,1582,4/19/2023
1611.5,1590.5,1629,1578,4/20/2023
1598.5,1606.5,1633.5,1580,4/21/2023
1606.5,1606.5,1606.5,1606.5,4/22/2023
1606.5,1606.5,1606.5,1606.5,4/23/2023
1589,1539.5,1596.5,1516,4/24/2023
1540,1488,1545.5,1475.5,4/25/2023
1493.5,1516.5,1535.5,1493,4/26/2023
1506,1499.5,1534.5,1469,4/27/2023
1494,1500.5,1535.5,1487.5,4/28/2023
1500.5,1500.5,1500.5,1500.5,4/29/2023
1513,1454,1521,1446,5/1/2023
1453.5,1432,1467,1427,5/2/2023
1433.5,1427,1453,1416,5/3/2023
1429,1452.5,1463,1418,5/4/2023
1454.5,1501,1511,1446.5,5/5/2023
1501,1501,1501,1501,5/6/2023
1501,1501,1501,1501,5/7/2023
1497.5,1574.5,1592,1497,5/8/2023
1568,1587.5,1597,1541.5,5/9/2023
1585.5,1611,1630.5,1567,5/10/2023
1615,1555,1627.5,1541,5/11/2023
1561.5,1519,1579.5,1508.5,5/12/2023
1519,1519,1519,1519,5/13/2023
1511.5,1536.5,1553,1511,5/15/2023
1530,1505.5,1541.5,1498.5,5/16/2023
1500,1491,1510.5,1481.5,5/17/2023
1488,1456,1492.5,1455,5/18/2023
1467,1527,1536.5,1467,5/19/2023
1527,1527,1527,1527,5/20/2023
1527,1527,1527,1527,5/21/2023
1519,1495,1529,1488.5,5/22/2023
1491,1449.5,1495.5,1444,5/23/2023
1456,1403,1464,1396,5/24/2023
1418,1420.5,1442,1390,5/25/2023
1419,1426.5,1455,1416,5/26/2023
1426.5,1426.5,1426.5,1426.5,5/27/2023
1428,1428,1428,1428,5/28/2023
1426,1414,1438,1410.5,5/29/2023
1423,1404.5,1447,1394,5/30/2023
1407,1366,1430,1360,5/31/2023
1368,1398.5,1408,1364,6/1/2023
1404,1409.5,1436.5,1394.5,6/2/2023
1409.5,1409.5,1409.5,1409.5,6/4/2023
1439,1416.5,1454.5,1399.5,6/5/2023
1411,1417,1436,1389.5,6/6/2023
1415.5,1393,1422.5,1388,6/7/2023
1397,1365.5,1397,1351,6/8/2023
1362.5,1315,1371.5,1304,6/9/2023
1315,1315,1315,1315,6/10/2023
1323,1351,1362.5,1306,6/12/2023
1355.5,1364.5,1394.5,1345,6/13/2023
1357,1408,1410.5,1353.5,6/14/2023
1399,1402.5,1403.5,1363,6/15/2023
1396,1420,1431,1393,6/16/2023
1420,1420,1420,1420,6/17/2023
1420,1420,1420,1420,6/18/2023
1417.5,1408.5,1421,1389,6/19/2023
1408.5,1384,1416,1355.5,6/20/2023
1380,1351.5,1389,1344.5,6/21/2023
1356,1281.5,1356,1274.5,6/22/2023
1291.5,1289,1301.5,1278,6/23/2023
1289,1289,1289,1289,6/24/2023
1289,1288,1289,1288,6/25/2023
1291.5,1309.5,1349.5,1284.5,6/26/2023
1313,1300,1328.5,1292,6/27/2023
1301.5,1253,1305.5,1211,6/28/2023
1263,1233.5,1266,1220,6/29/2023
1229.5,1228.5,1264.5,1224,6/30/2023
1228.5,1228.5,1228.5,1228.5,7/2/2023
1230.5,1233,1259.5,1218.5,7/3/2023
1245,1248,1266.5,1237.5,7/4/2023
1248,1264,1269.5,1229,7/5/2023
1256.5,1245.5,1278.5,1227.5,7/6/2023
1243.5,1252,1262,1224,7/7/2023
1252,1252,1252,1252,7/8/2023
1252,1252,1252,1252,7/9/2023
1254,1244,1257,1195,7/10/2023
1240.5,1255,1259,1220,7/11/2023
1249.5,1287,1303.5,1246,7/12/2023
1290.5,1299,1312,1272.5,7/13/2023
1295,1273.5,1295,1262.5,7/14/2023
1273.5,1273.5,1273.5,1273.5,7/15/2023
1273.5,1273.5,1273.5,1273.5,7/16/2023
1275.5,1288,1305.5,1256.5,7/17/2023
1288.5,1323.5,1331.5,1281,7/18/2023
1324,1311.5,1326.5,1287,7/19/2023
1306.5,1281.5,1314,1270,7/20/2023
1286,1292.5,1304,1279,7/21/2023
1292.5,1292.5,1292.5,1292.5,7/22/2023
1289.5,1275,1302.5,1270.5,7/24/2023
1281,1288,1303,1275,7/25/2023
1291,1263,1294.5,1240.5,7/26/2023
1270,1244.5,1277,1224,7/27/2023
1242,1250.5,1272,1227,7/28/2023
1250.5,1250.5,1250.5,1250.5,7/29/2023
1250.5,1250.5,1250.5,1250.5,7/30/2023
1247,1283,1291.5,1241,7/31/2023
1290.5,1243,1293.5,1228,8/1/2023
1248.5,1247,1257,1228,8/2/2023
1244,1262.5,1267,1226.5,8/3/2023
1257,1269.5,1275,1244,8/4/2023
1269.5,1269.5,1269.5,1269.5,8/5/2023
1269.5,1269.5,1269.5,1269.5,8/6/2023
1264,1243,1275.5,1232.5,8/7/2023
1247,1224,1247,1202.5,8/8/2023
1225.5,1238.5,1244.5,1210,8/9/2023
1237.5,1306.5,1310,1237.5,8/10/2023
1291.5,1308,1343.5,1290,8/11/2023
1308,1308,1308,1308,8/12/2023
1298,1273,1316,1249,8/14/2023
1269.5,1238.5,1272,1233,8/15/2023
1237.5,1212.5,1248,1209,8/16/2023
1212.5,1220.5,1240.5,1205.5,8/17/2023
1226,1260,1263,1214,8/18/2023
1260,1260,1260,1260,8/19/2023
1260,1260,1260,1260,8/20/2023
1259.5,1238,1270.5,1229.5,8/21/2023
1245,1264,1294,1242.5,8/22/2023
1259.5,1277.5,1299.5,1259.5,8/23/2023
1282,1243.5,1284.5,1232.5,8/24/2023
1247.5,1226,1250.5,1214.5,8/25/2023
1226,1226,1226,1226,8/26/2023
1233.5,1258.5,1264.5,1217.5,8/28/2023
1252.5,1252,1259.5,1209.5,8/29/2023
1248.5,1225,1252,1224,8/30/2023
1231,1217.5,1238.5,1214.5,8/31/2023
1229.5,1226.5,1239,1219.5,9/1/2023
1226.5,1224,1236,1221.5,9/2/2023
1227,1215,1229.5,1185.5,9/5/2023
1221,1212.5,1223,1182.5,9/6/2023
1222,1215,1227.5,1194,9/7/2023
1215.5,1201,1232.5,1193,9/8/2023
1201,1201,1201,1201,9/9/2023
1193.5,1193.5,1193.5,1193.5,9/10/2023
1200,1220.5,1227.5,1196.5,9/11/2023
1221,1246.5,1251.5,1210,9/12/2023
1247,1262,1267.5,1230,9/13/2023
1256,1254,1274.5,1250,9/14/2023
1253.5,1248.5,1278,1236.5,9/15/2023
1248.5,1248.5,1248.5,1248.5,9/16/2023
1248.5,1249.5,1249.5,1248.5,9/17/2023
1249,1241,1256.5,1226.5,9/18/2023
1246.5,1263.5,1277.5,1242,9/19/2023
1264.5,1278.5,1298,1262,9/20/2023
1263.5,1266.5,1271.5,1233,9/21/2023
1267,1254,1288,1250,9/22/2023
1254,1254,1254,1254,9/23/2023
1254,1254,1254,1254,9/24/2023
1254,1232,1254.5,1230.5,9/25/2023
1236,1226.5,1242,1212.5,9/26/2023
1230.5,1224.5,1254.5,1215.5,9/27/2023
1225.5,1275.5,1284,1222,9/28/2023
1275.5,1248,1293,1244,9/29/2023
1248,1248,1248,1248,9/30/2023
1248,1248,1248,1248,10/1/2023
1249.5,1205,1254.5,1199,10/2/2023
1208.5,1192,1216,1169,10/3/2023
1178.5,1171,1187,1156,10/4/2023
1172,1144,1185.5,1142,10/5/2023
1151,1160.5,1173,1136.5,10/6/2023
1160.5,1160.5,1160.5,1160.5,10/7/2023
1160.5,1160.5,1160.5,1160.5,10/8/2023
1163,1131,1168.5,1117,10/9/2023
1140,1172.5,1181,1123,10/10/2023
1172,1170.5,1189.5,1152.5,10/11/2023
1171,1147.5,1183.5,1133,10/12/2023
1140,1151.5,1162,1129.5,10/13/2023
1151.5,1151.5,1151.5,1151.5,10/14/2023
1151.5,1151.5,1151.5,1151.5,10/15/2023
1152.5,1147,1160,1131,10/16/2023
1149.5,1146.5,1153,1122,10/17/2023
1141,1132,1152,1110.5,10/18/2023
1133.5,1116.5,1134.5,1098,10/19/2023
1116,1100.5,1120,1099.5,10/20/2023
1100.5,1100.5,1100.5,1100.5,10/21/2023
1100.5,1100.5,1100.5,1100.5,10/22/2023
1103,1137,1144.5,1086,10/23/2023
1120,1122.5,1140.5,1107,10/24/2023
1127.5,1128.5,1145,1113,10/25/2023
1125.5,1136,1146,1111,10/26/2023
1138.5,1125.5,1146.5,1115.5,10/27/2023
1125.5,1125.5,1125.5,1125.5,10/28/2023
1125.5,1124,1126.5,1123,10/29/2023
1126,1130.5,1159.5,1120,10/30/2023
1127.5,1124.5,1142.5,1116,10/31/2023
1125,1112.5,1141,1104,11/1/2023
1114.5,1113,1123,1101,11/2/2023
1114,1121,1133,1104,11/3/2023
1121,1121,1121,1121,11/4/2023
1121,1121,1121,1121,11/5/2023
1117.5,1106.5,1130.5,1092.5,11/6/2023
1103.5,1059,1107,1053,11/7/2023
1059.5,1059.5,1064,1011,11/8/2023
1055,1008,1058,992.5,11/9/2023
996,966,1002.5,950.5,11/10/2023
966,966,966,966,11/11/2023
966,966,966,966,11/12/2023
965,981.5,988,951.5,11/13/2023
986,1026.5,1035.5,972,11/14/2023
1022.5,1038.5,1052,1004.5,11/15/2023
1038,1047.5,1053.5,1021,11/16/2023
1036.5,1059.5,1064,1034.5,11/17/2023
1059.5,1059.5,1059.5,1059.5,11/18/2023
1059.5,1059.5,1059.5,1059.5,11/19/2023
1056,1087.5,1092,1051,11/20/2023
1086,1090.5,1096,1061,11/21/2023
1080.5,1052.5,1085,1047.5,11/22/2023
1058.5,1047.5,1062,1044,11/23/2023
1046,1074.5,1079.5,1040,11/24/2023
1077.52,1060.5,1087.5,1053.5,11/27/2023
1070,1060.5,1078,1044,11/28/2023
1058.5,1032.5,1069,1020,11/29/2023
1027.5,1013.5,1031.5,1005.5,11/30/2023
1010.5,1005,1024,990.5,12/1/2023
1005,1005,1005,1005,12/3/2023
1007,976.5,1015.5,962.5,12/4/2023
973.5,938.5,983,925,12/5/2023
937,948.5,977.5,936,12/6/2023
949,979,996.5,942,12/7/2023
977,947.5,988.5,944.5,12/8/2023
947.5,947.5,947.5,947.5,12/9/2023
947.5,949.5,949.5,947.5,12/10/2023
950,963,971.5,937.5,12/11/2023
963.5,979.5,991.5,962,12/12/2023
984,966,1008,956,12/13/2023
1000,1118.5,1121,996,12/14/2023
1115.5,1195.5,1199.5,1090,12/15/2023
1195.5,1195.5,1195.5,1195.5,12/16/2023
1195.5,1195.5,1195.5,1195.5,12/17/2023
1174,1192.5,1218,1153,12/18/2023
1184.5,1233,1248.5,1171.5,12/19/2023
1229,1219,1236,1194.5,12/20/2023
1208.5,1220,1228,1190.5,12/21/2023
1219,1215.5,1251.5,1201,12/22/2023
1215.5,1215.5,1215.5,1215.5,12/23/2023
1215.5,1215.5,1215.5,1215.5,12/24/2023
1215.5,1215.5,1215.5,1215.5,12/25/2023
1211.5,1181.5,1219.5,1177.5,12/26/2023
1186,1149.5,1203.5,1147,12/27/2023
1156,1134.5,1167,1126.5,12/28/2023
1132.5,1101.5,1138.5,1100.5,12/29/2023
1101.5,1101.5,1101.5,1101.5,12/30/2023
1101.5,1104,1104,1101.5,1/1/2024
1101.5,1078.5,1116.5,1069.5,1/2/2024
1077,1069,1096.5,1054.5,1/3/2024
1070.5,1036,1078.5,1033.5,1/4/2024
1044,1035,1054,1019.5,1/5/2024
1035,1035,1035,1035,1/6/2024
1035,1035,1035,1035,1/7/2024
1029,996.5,1036.5,992,1/8/2024
997,975,1013,970.5,1/9/2024
982.5,993,1017.5,979,1/10/2024
1003,981,1026.5,980.5,1/11/2024
993,975.5,1004,970.5,1/12/2024
975.5,975.5,975.5,975.5,1/13/2024
975.5,976.5,976.5,975.5,1/14/2024
977.5,972.5,997,961.5,1/15/2024
974,936,977.5,931.5,1/16/2024
938,917.5,942,903,1/17/2024
917.5,942,945,915,1/18/2024
943.5,946.5,955,928.5,1/19/2024
946.5,946.5,946.5,946.5,1/20/2024
946.5,946.5,946.5,946.5,1/21/2024
949,938.5,954,914,1/22/2024
937,945,957.5,927.5,1/23/2024
950.5,971.5,977,942.5,1/24/2024
967,941,970.5,932,1/25/2024
941.5,959.5,965,929.5,1/26/2024
959.5,959.5,959.5,959.5,1/27/2024
959.5,959.5,959.5,959.5,1/28/2024
958,979,989,946.5,1/29/2024
988,977.5,995.5,970,1/30/2024
980,995,998,971,1/31/2024
981.5,969.5,986.5,949.5,2/1/2024
967.5,947,983,930,2/2/2024
947,947,947,947,2/3/2024
947,947,947,947,2/4/2024
947.5,954,960,923.5,2/5/2024
954.5,949.5,966,935,2/6/2024
949.5,898.5,955,894,2/7/2024
896,891,907.5,859.5,2/8/2024
893,860.5,899,858.5,2/9/2024
860.5,860.5,860.5,860.5,2/10/2024
860.5,868.5,868.5,860.5,2/11/2024
859.5,895.5,904,857,2/12/2024
897.5,859.5,914.5,851.5,2/13/2024
862.5,934,940.5,854.5,2/14/2024
940.5,952,981,923,2/15/2024
960.5,952,967,933.5,2/16/2024
952,952,952,952,2/17/2024
952,952,952,952,2/18/2024
951,954.5,968.5,939.5,2/19/2024
951.5,986.5,995,938.5,2/20/2024
984,951,996.5,930.5,2/21/2024
952.5,970,977.5,946,2/22/2024
971.5,974.5,998.5,955,2/23/2024
974.5,974.5,974.5,974.5,2/24/2024
974.5,960,976.5,947,2/26/2024
960,945.5,975,937,2/27/2024
937.5,927,941,910.5,2/28/2024
929,943,953,924.5,2/29/2024
949,957.5,965,934,3/1/2024
958.5,958.5,958.5,958.5,3/3/2024
961,968.5,974,944.5,3/4/2024
966,942,967.5,933,3/5/2024
948.5,1044,1068.5,945.5,3/6/2024
1053,1037.5,1062.5,1024,3/7/2024
1042.5,1020.5,1063.5,1012.5,3/8/2024
1020.5,1027,1027,1020.5,3/10/2024
1022.5,1036.5,1045,1021,3/11/2024
1036,1040.5,1047,1006.5,3/12/2024
1041.5,1065.5,1077.5,1035,3/13/2024
1066.5,1067.5,1100.5,1056,3/14/2024
1066,1084,1112.5,1061.5,3/15/2024
1084,1084,1084,1084,3/16/2024
1084,1082.5,1084,1079,3/17/2024
1080,1033,1085,1026,3/18/2024
1033.5,993,1033.5,976,3/19/2024
993.5,1029,1033,978.5,3/20/2024
1030,1009,1043.5,997.5,3/21/2024
1008.5,992.5,1018,983.5,3/22/2024
992.5,992.5,992.5,992.5,3/23/2024
0,984,0,983,3/24/2024
986,1007.5,1027,985.5,3/25/2024
1008,995.5,1021.5,992.5,3/26/2024
995,990,995.5,968,3/27/2024
989.5,1016.5,1025.5,988.5,3/28/2024
1016.5,1016.5,1016.5,1016.5,3/29/2024
1016.5,1016.5,1016.5,1016.5,3/30/2024
1016.5,1016.5,1016.5,1016.5,3/31/2024
1021,999,1032.5,991.5,4/1/2024
1005.5,999.5,1030.5,996,4/2/2024
1009,1016.5,1030.5,992.5,4/3/2024
1020,1036.5,1045,1008,4/4/2024
1026,1005,1026,987.5,4/5/2024
1005,1005,1005,1005,4/6/2024
1005,1002.5,1005,1002.5,4/7/2024
1006.5,1045.5,1054.5,991.5,4/8/2024
1050.5,1081,1096.5,1049,4/9/2024
1097,1053.5,1105,1043,4/10/2024
1048.5,1035.5,1076,1029.5,4/11/2024
1051,1052.5,1088.5,1047,4/12/2024
1052.5,1052.5,1052.5,1052.5,4/13/2024
1052.5,1053.5,1053.5,1052.5,4/14/2024
1060.5,1038,1064,1021,4/15/2024
1038,1025,1040,1000,4/16/2024
1018,1025,1049,1008.5,4/17/2024
1027.5,1032.5,1050,1020,4/18/2024
1025,1030.5,1040.5,997.5,4/19/2024
1030.5,1030.5,1030.5,1030.5,4/20/2024
1030.5,1020.5,1030.5,1020.5,4/21/2024
1025,1010.5,1029.5,1002,4/22/2024
1011.5,1022,1029,989.5,4/23/2024
1020,1003.5,1032.5,1000,4/24/2024
1000.5,977,1012,973.5,4/25/2024
984,955,992,953.5,4/26/2024
955,955,955,955,4/27/2024
957.5,974,982.5,946.5,4/29/2024
978.5,950,979,934.5,4/30/2024
961,945.5,961,936,5/1/2024
954.5,936,958.5,920,5/2/2024
936.5,950,956.5,926,5/3/2024
950,950,950,950,5/5/2024
940.5,981,989.5,939.5,5/6/2024
981,977.5,989.5,970.5,5/7/2024
973.5,954.5,979,948.5,5/8/2024
955,969.5,977,945,5/9/2024
971,979.5,1003.5,970.5,5/10/2024
979.5,979.5,979.5,979.5,5/11/2024
979.5,979.5,979.5,979.5,5/12/2024
983.5,964,992.5,961,5/13/2024
965,980.5,990.5,963,5/14/2024
983,1013,1022,982,5/15/2024
1011.5,996.5,1023,987,5/16/2024
990.5,1010.5,1015,970,5/17/2024
1010.5,1010.5,1010.5,1010.5,5/18/2024
1010.5,1010.5,1010.5,1010.5,5/19/2024
1010,1029.5,1042.5,995.5,5/20/2024
1034,1028.5,1045.5,1007.5,5/21/2024
1031.5,1002,1037.5,994.5,5/22/2024
998,972,1000,966,5/23/2024
973,966.5,978.5,961.5,5/24/2024
966.5,966.5,966.5,966.5,5/25/2024
966.5,968,968,966.5,5/26/2024
968,993,1004,967.5,5/27/2024
995.5,975.5,997,969.5,5/28/2024
982.5,968,983,946.5,5/29/2024
957,950.5,962,932.5,5/30/2024
949.5,914.5,956,903.5,5/31/2024
914.5,914.5,914.5,914.5,6/1/2024
