Open,Close,High,Low,Date
933.5,930.5,933.5,930.5,1/1/2018
931,945.5,946.5,931,1/2/2018
945,957,961,940.5,1/3/2018
955,964,966.5,945,1/4/2018
963,969.5,970.5,959.5,1/5/2018
967.5,965,967.5,965,1/7/2018
970,973,975,966.5,1/8/2018
972.5,967,972.5,960.5,1/9/2018
966,971,975,958.5,1/10/2018
971,985.5,987,970,1/11/2018
985.5,995.5,999.5,984,1/12/2018
996,996.5,996.5,996,1/14/2018
994.5,998,1001.5,987.5,1/15/2018
996,999.5,1001,985.5,1/16/2018
1000,1001.5,1009,998,1/17/2018
1000.5,1002.5,1008,997,1/18/2018
1003,1012.5,1016.5,1000.5,1/19/2018
1012.5,1013,0,0,1/21/2018
1013.5,998,1021,992,1/22/2018
999,1009,1009.5,990.5,1/23/2018
1008.5,1017,1023,1006,1/24/2018
1016.5,1016,1029.5,1008,1/25/2018
1013.5,1011.5,1022.5,1011.5,1/26/2018
1011.5,1011.5,1011.5,1011.5,1/28/2018
1012.5,1007.5,1014.5,1003.5,1/29/2018
1008,997.5,1009.5,992.5,1/30/2018
997,1002,1007.5,996.5,1/31/2018
1003,1009,1010,993.5,2/1/2018
1006.5,991.5,1007.5,987,2/2/2018
991.5,995,995,987.5,2/4/2018
989.5,990,996.5,987.5,2/5/2018
990.5,990.5,1001,984.5,2/6/2018
991.5,980.5,994.5,977,2/7/2018
980.5,976.5,983,969.5,2/8/2018
973.5,966,977,958,2/9/2018
966,965.5,966,965.5,2/11/2018
966,970.5,973.5,961,2/12/2018
972,975,979,970.5,2/13/2018
975.5,997,1000.5,969.5,2/14/2018
997,1001,1008,994,2/15/2018
1001,1005,1012.5,1000,2/16/2018
1005,1005.5,1005.5,1004,2/18/2018
1007,1009.5,1013.5,1004.5,2/19/2018
1009,1001,1010.5,999,2/20/2018
1001,991,1001.5,989,2/21/2018
990,997.5,999.5,985,2/22/2018
998.5,997,1001,990.5,2/23/2018
997,997,997,997,2/25/2018
997,1000.5,1008.5,994.5,2/26/2018
1000.5,983,1003.5,980.5,2/27/2018
982.5,985.5,988.5,978,2/28/2018
985.5,968,986,955.5,3/1/2018
967,966.5,969.5,960.5,3/2/2018
966.5,966.5,966.5,966.5,3/4/2018
966.5,961.5,972.5,955.5,3/5/2018
962.5,968.5,974,959,3/6/2018
970.5,954,971.5,951,3/7/2018
954,952.5,958,946.5,3/8/2018
952.5,965,966,948,3/9/2018
965,964.5,967,964,3/11/2018
965,964,967.5,957,3/12/2018
964.5,965.5,971.5,961.5,3/13/2018
966,960.5,972.5,959.5,3/14/2018
961,953.5,963.5,952,3/15/2018
953,948,959,945,3/16/2018
948.5,950,950,948.5,3/18/2018
949.5,953.5,956.5,941.5,3/19/2018
954,945,956,943,3/20/2018
945,957.5,960.5,944,3/21/2018
958,950.5,963.5,946,3/22/2018
950,949.5,960.5,947,3/23/2018
949.5,949.5,949.5,949.5,3/25/2018
950,953.5,957.5,947.5,3/26/2018
952.5,945,962,940,3/27/2018
946,937.5,949,934.5,3/28/2018
938,932,942,927.5,3/29/2018
932,930,932,930,4/1/2018
933.5,934.5,940,931,4/2/2018
933.5,926,936.5,917,4/3/2018
925.5,917,926,912.5,4/4/2018
917.5,912.5,918.5,907,4/5/2018
912,917.5,917.5,907,4/6/2018
918,934,936.5,917,4/9/2018
933,929,936.5,924.5,4/10/2018
929,931.5,942,927.5,4/11/2018
932,928,933,923.5,4/12/2018
927.5,930,933.5,927,4/13/2018
930,930,930,930,4/15/2018
928,929,934.5,925.5,4/16/2018
929.5,936.5,937,922,4/17/2018
936.5,940.5,947.5,935.5,4/18/2018
940.5,935,953.5,932.5,4/19/2018
935,927.5,936,925.5,4/20/2018
927.5,927,927.5,927,4/22/2018
926.5,920,927,915.75,4/23/2018
920.5,931,934.5,916,4/24/2018
931,910.5,932,908.5,4/25/2018
910,909,917,906,4/26/2018
909,915,916.5,905.5,4/27/2018
915,915,915,915,4/29/2018
914.5,906.5,916,904,4/30/2018
906.5,895,907.5,893.5,5/1/2018
895.5,896,901.5,893.5,5/2/2018
896,905.5,906.5,895,5/3/2018
904.5,911,912,899,5/4/2018
911,911,911,911,5/6/2018
912.5,913,920,911,5/7/2018
912,914.5,915,908,5/8/2018
914,915,917.5,908.5,5/9/2018
914,927.5,927.5,913,5/10/2018
926.5,926.5,930.5,922,5/11/2018
926.5,925.5,926.5,925.5,5/13/2018
924,910.5,928.5,910,5/14/2018
912,901,913,901,5/15/2018
891.5,888.5,891.5,888.5,5/16/2018
893.5,891.5,893.5,884,5/17/2018
890.5,887.75,892,882,5/18/2018
887.75,888.75,888.75,887.25,5/20/2018
888.5,901,902,878.5,5/21/2018
901.5,905.5,911.5,896.5,5/22/2018
907.5,904,909.5,899,5/23/2018
905,911,915,904,5/24/2018
912,901.5,914,899.5,5/25/2018
901.5,901,901.5,901,5/27/2018
901,906,908,900.5,5/28/2018
904.5,906.5,910,902,5/29/2018
906.5,909,911.5,903.5,5/30/2018
909.5,907,915.5,906.5,5/31/2018
906.5,904.25,913,900.75,6/1/2018
904.25,904.25,904.25,904.25,6/3/2018
903.5,902,910.5,900,6/4/2018
902,903.5,905,893.5,6/5/2018
903.5,905,909,901.5,6/6/2018
905.5,899,908.5,897.5,6/7/2018
899.5,906.5,907.5,896,6/8/2018
906.5,908,908,906.5,6/10/2018
907.5,904.5,911,902.5,6/11/2018
904,899,909.5,898.5,6/12/2018
899.5,905,905,892.5,6/13/2018
903.5,905,913.5,898.5,6/14/2018
905.5,887.5,907,885,6/15/2018
887.5,886,887.5,885.5,6/17/2018
886,884,891.5,881.5,6/18/2018
884.5,870,886,862.5,6/19/2018
869,872,876.5,861,6/20/2018
871.5,864,872.5,862,6/21/2018
864,878,878,858,6/22/2018
878,876.5,880.5,876.5,6/24/2018
878,867,881,866,6/25/2018
867.5,867,870.5,858,6/26/2018
867.5,858.5,867.5,852,6/27/2018
858.5,849.5,858.5,845.5,6/28/2018
849,852.5,854,842.5,6/29/2018
852.5,852.5,852.5,852.5,7/1/2018
853,818.5,853.5,808.5,7/2/2018
819,843,846,798,7/3/2018
840,842.5,844.5,833,7/4/2018
841.5,843,846,837,7/5/2018
842.5,845.5,846.5,836.5,7/6/2018
845.5,845.5,845.5,845.5,7/8/2018
845,851,859.5,844,7/9/2018
851,846.75,855,836.75,7/10/2018
845.75,827.25,846.75,827.25,7/11/2018
827.75,841.75,845.25,826.25,7/12/2018
841.25,828.75,843.75,823.75,7/13/2018
828.75,827.75,828.75,827.75,7/15/2018
829.5,824.5,833,819,7/16/2018
824,817.5,830,816.5,7/17/2018
818,819,820,806,7/18/2018
818.5,807,820.5,794,7/19/2018
808.5,829,832,803,7/20/2018
829,829,829,829,7/22/2018
827.5,833.5,836.5,825,7/23/2018
832.5,833.5,846,828.5,7/24/2018
833,844.5,845,832.5,7/25/2018
844,828,846,824.5,7/26/2018
826.5,830.5,833,821.5,7/27/2018
830.5,830.5,830.5,830.5,7/29/2018
831.5,829,832.5,822.5,7/30/2018
829,840,845,825,7/31/2018
839.5,817.5,840,815,8/1/2018
818,824,835,813,8/2/2018
824.5,832,842,821.5,8/3/2018
832,831,832.5,831,8/5/2018
832,822,837,820.5,8/6/2018
824,830,838,822,8/7/2018
830.5,831.5,833,824,8/8/2018
831.5,833,840.5,826.5,8/9/2018
833.5,830,835.5,827,8/10/2018
830,829.5,830,829.5,8/12/2018
829,803,830.5,797,8/13/2018
804,803,808.5,797,8/14/2018
802.5,768.5,803,757.5,8/15/2018
771.5,779.75,796,757.5,8/16/2018
780.75,786.75,790.75,773.25,8/17/2018
786.75,787.25,787.25,786.75,8/19/2018
787.25,795.5,798.5,786.5,8/20/2018
796,795.5,804,787.5,8/21/2018
797.5,795,802,789.5,8/22/2018
795.5,777.5,796,775.5,8/23/2018
777,791.5,795,774.5,8/24/2018
791.5,792,792,791.5,8/26/2018
792,804.5,806,788,8/27/2018
804,790.5,810.5,788.5,8/28/2018
791,798.5,799,787.5,8/29/2018
798,790.5,799.5,788.5,8/30/2018
790.5,787.5,801,784.5,8/31/2018
787.5,787.5,787.5,787.5,9/2/2018
788.5,788,790,783.5,9/3/2018
788,778.5,791.5,767,9/4/2018
778.5,785,787,771.5,9/5/2018
786,791,796.5,782,9/6/2018
792.5,782.5,795.5,775.5,9/7/2018
782.5,781,783,781,9/9/2018
782.5,787.5,801,777,9/10/2018
787,792.5,794.5,782,9/11/2018
793,801.5,802.5,784.5,9/12/2018
801,802.5,813,799,9/13/2018
803,795,812,794,9/14/2018
795,797,797,795,9/16/2018
795,801,807.5,792,9/17/2018
800,813.5,818.5,794,9/18/2018
813.5,823.5,826.5,812.5,9/19/2018
823.5,835.5,835.5,818.5,9/20/2018
835,829,838.5,823.5,9/21/2018
829,829,829,829,9/23/2018
827.5,829,834.5,823,9/24/2018
828,822.5,833.5,822.5,9/25/2018
823.5,823,830.5,821,9/26/2018
823.5,812,832.5,808,9/27/2018
811,817,824.5,807.5,9/28/2018
817,816,817,816,9/30/2018
817,824,826.5,809.5,10/1/2018
824,833,836,817.5,10/2/2018
833,827,837.5,826.5,10/3/2018
827,826,834,821,10/4/2018
826,824,832,820,10/5/2018
824,823,824,823,10/7/2018
823.5,821,825,810.5,10/8/2018
820.5,826,827.5,812,10/9/2018
826,824,829,819.5,10/10/2018
823.5,841.5,844.5,815.5,10/11/2018
840,839,843,836,10/12/2018
839,839.5,839.5,839,10/14/2018
839,842.5,850.5,838.5,10/15/2018
843.5,841.5,846.5,840,10/16/2018
841.5,834,843,832.5,10/17/2018
832,828,834.5,825.5,10/18/2018
827.5,832.5,836.5,827,10/19/2018
832.5,831,832.5,831,10/21/2018
831.5,822,838.5,818,10/22/2018
822,833.5,835,817,10/23/2018
834,832.5,835.5,825.5,10/24/2018
831,827,834,823.5,10/25/2018
827.5,832.5,835.5,823,10/26/2018
832.5,833.5,835,832.5,10/28/2018
834,833.5,842.5,830.5,10/29/2018
833,835.5,840.5,832,10/30/2018
835.5,838.5,840.5,832,10/31/2018
839,861.5,861.5,838.5,11/1/2018
862.5,869.5,873,861.5,11/2/2018
869.5,870.5,872.5,869.5,11/4/2018
870,866.5,874,863,11/5/2018
865.5,870,876,864,11/6/2018
870,873.5,878,867,11/7/2018
873,869,874.5,862.5,11/8/2018
864,853,864.5,852.5,11/9/2018
853,852.5,853,852.5,11/11/2018
854,841,858,840.5,11/12/2018
842,840,851,836,11/13/2018
840,835.5,842.5,827,11/14/2018
836,843.5,846,830.5,11/15/2018
842.5,846,848,840.5,11/16/2018
846,845.5,846,845,11/18/2018
844.5,853.5,855.5,842,11/19/2018
853,842.5,855,838,11/20/2018
841.5,847.5,850,839.5,11/21/2018
846.5,848,849.5,844.5,11/22/2018
848,843.5,848,838,11/23/2018
843.5,841,843.5,841,11/25/2018
841.5,844.5,849.5,840,11/26/2018
844.5,834,846,830.5,11/27/2018
834.5,824.5,834.5,814.5,11/28/2018
824.5,819,830,817,11/29/2018
820,800.5,821,797.5,11/30/2018
800.5,796.5,800.5,796.5,12/2/2018
803.5,810,814.5,802.5,12/3/2018
807,804,809,798,12/4/2018
803,801,803.5,790,12/5/2018
801,788.5,802,784.5,12/6/2018
789,794,795.5,784.5,12/7/2018
794,794.5,794.5,794,12/9/2018
794,784.5,795,778.5,12/10/2018
784,785.5,790.5,779.5,12/11/2018
786,803,806.5,785,12/12/2018
803,796.5,808,790.5,12/13/2018
796.5,786,797.5,782,12/14/2018
786,789,789.5,786,12/16/2018
787,795,798,783,12/17/2018
794.5,793.5,795.5,786,12/18/2018
791.5,785.5,799.5,785.5,12/19/2018
787.5,795.5,798.5,785,12/20/2018
796.5,789.5,798,788.5,12/21/2018
789.5,793.5,793.5,789.5,12/23/2018
792,787.5,798,787,12/24/2018
788.5,798.5,803,787,12/26/2018
798,796.5,801,785.5,12/27/2018
796.5,791.5,801.5,789.5,12/28/2018
791.5,791.5,791.5,790.5,12/30/2018
791.5,796.5,798,788.5,12/31/2018
796,794.5,796,794.5,1/1/2019
795,795.5,800.5,783.5,1/2/2019
795,798.5,799,790.5,1/3/2019
797.5,821.5,824,796.5,1/4/2019
821.5,822,822,821.5,1/6/2019
823.5,822,830.5,819,1/7/2019
822.5,818.5,825.5,814.5,1/8/2019
819,825.5,826,819,1/9/2019
825,820,829,819,1/10/2019
820.5,810.5,825,810.5,1/11/2019
810.5,810.5,810.5,810.5,1/13/2019
812,802.5,813.5,799,1/14/2019
803.5,798.5,806.5,796.5,1/15/2019
799.5,807,807.5,797,1/16/2019
807.5,810.5,813.5,801,1/17/2019
810.5,798,815.5,796,1/18/2019
798,796,798,794,1/20/2019
798.5,796,801.5,794,1/21/2019
797,791,798,787.5,1/22/2019
791.5,794.5,796,789.5,1/23/2019
795,803.5,805,790,1/24/2019
803,819,820,802,1/25/2019
819,818.5,819,818.5,1/27/2019
818,812,820,809,1/28/2019
812,814.5,819,811,1/29/2019
814.5,817.5,821.5,812.5,1/30/2019
818.5,822,826,816,1/31/2019
822,823.5,832.5,818,2/1/2019
823.5,823.5,823.5,823.5,2/3/2019
823.5,820.5,826,814.5,2/4/2019
820.5,818.5,825,817,2/5/2019
819,806,822,805,2/6/2019
806,798,807.5,795,2/7/2019
797.5,800,800.5,794,2/8/2019
800,800,800,800,2/10/2019
800,787,800.5,785,2/11/2019
787,791.5,793.5,784.5,2/12/2019
792,786.5,794.5,786,2/13/2019
787,787.5,790,779.5,2/14/2019
788.5,807,808,784,2/15/2019
807,808,808,807,2/17/2019
806,807,809.5,802.5,2/18/2019
807,820,822.5,806.5,2/19/2019
819.5,827.5,834,818.5,2/20/2019
827.5,823.5,830.5,819,2/21/2019
824,843.5,845.5,824,2/22/2019
843.5,844.5,844.5,843.5,2/24/2019
844,854,856.5,844,2/25/2019
854,862,862,847.5,2/26/2019
861.5,869.5,874.5,860,2/27/2019
869.5,870.5,877.5,863.5,2/28/2019
871,860,874.5,857.5,3/1/2019
860,860.5,860.5,860,3/3/2019
863,836.5,864,835,3/4/2019
836.5,837,840.5,833,3/5/2019
836,827,837.5,825,3/6/2019
827,814.5,828.5,813,3/7/2019
814.5,817.5,821,811.5,3/8/2019
817.5,816,817.5,813.5,3/10/2019
816.5,819,819.5,808,3/11/2019
819,834,836,818.5,3/12/2019
834.5,843.5,847.5,831.5,3/13/2019
843,824,843,822.5,3/14/2019
823.5,830.5,835,823,3/15/2019
830.5,830.5,831,829,3/17/2019
830,833.5,838,822.5,3/18/2019
833.5,850.5,854.5,833.5,3/19/2019
850.5,863,866.5,849,3/20/2019
863.5,861.5,875,856.5,3/21/2019
860.5,846.5,866,845.5,3/22/2019
846.5,846,848.5,846,3/24/2019
845,857.5,859,840,3/25/2019
858.5,857.5,861.5,848.5,3/26/2019
858,852,868.5,852,3/27/2019
852.5,841.5,864,834,3/28/2019
841,848,856.5,839.5,3/29/2019
848,848.5,848.5,848,3/31/2019
851,850,857,843,4/1/2019
850,851,854,844.5,4/2/2019
851,869.5,871,851,4/3/2019
870.5,899,900,870.5,4/4/2019
899.5,900,909,886.5,4/5/2019
900,899,901,899,4/7/2019
903.5,909.5,915,901,4/8/2019
910.5,892,910.5,891,4/9/2019
891.5,903.5,908,886,4/10/2019
902.5,892.5,910,889,4/11/2019
893.5,891,903.5,891,4/12/2019
891,891,891,891,4/14/2019
892,887.5,893.5,878.5,4/15/2019
888.5,881.5,892,876.5,4/16/2019
881.5,888,890,878,4/17/2019
889,903,903,881.5,4/18/2019
903,902.5,903,902.5,4/21/2019
902.5,898,912.5,893.5,4/22/2019
899.5,889.5,902,881.5,4/23/2019
888.5,884,893.5,883,4/24/2019
885,887.5,888.5,877.5,4/25/2019
888,899.5,901,885,4/26/2019
899.5,899.5,899.5,899.5,4/27/2019
899.5,900.5,900.5,899.5,4/28/2019
899.5,896.5,901.5,888.5,4/29/2019
896.5,888.5,901.5,885.5,4/30/2019
888.5,866.5,889,864.5,5/1/2019
868,850.5,870,849.5,5/2/2019
850,871.5,872,844,5/3/2019
871.5,871,871.5,871,5/5/2019
865,875,878.5,856,5/6/2019
873.5,870.5,884,867.5,5/7/2019
870.5,861.5,876,861,5/8/2019
861.5,849,863.5,848,5/9/2019
849,866,867,847.5,5/10/2019
866,864.5,866,864.5,5/12/2019
862.5,853,863.5,849.5,5/13/2019
853,856.5,865.5,853,5/14/2019
856.5,847.5,859.5,843,5/15/2019
847.5,834.5,850.5,832.5,5/16/2019
834,818.5,835,817.5,5/17/2019
818.5,818,818.5,818,5/19/2019
820,814,826.5,811,5/20/2019
814.5,816.5,819.5,806.5,5/21/2019
817,804,817.5,803,5/22/2019
803.5,798.5,804,795.5,5/23/2019
799,804.5,808,798,5/24/2019
804.5,804.5,804.5,804.5,5/26/2019
803,808.5,811,802,5/27/2019
809,800.5,816.5,797.5,5/28/2019
800.5,794.5,802,792,5/29/2019
794.5,796.5,799,789.5,5/30/2019
796.5,794,797.5,790.5,5/31/2019
794,794,794.5,794,6/2/2019
795,823,825,794,6/3/2019
822.5,820.5,826.5,818,6/4/2019
820.5,804,833,802.5,6/5/2019
805.5,804,808.5,799,6/6/2019
805,807,812.5,800.5,6/7/2019
807,807.5,807.5,807,6/9/2019
808,807,811.5,798,6/10/2019
807.5,815.5,817,802.5,6/11/2019
816,811,821,809,6/12/2019
811.5,812.5,815,806.5,6/13/2019
812,804,819.5,802.5,6/14/2019
804,804.5,804.5,804,6/16/2019
805.5,795,806,792.5,6/17/2019
795,804.5,806,791,6/18/2019
804.5,813,813.5,798.5,6/19/2019
812.5,807.5,824.5,806.5,6/20/2019
808,810.5,815,799.5,6/21/2019
810.5,810.5,810.5,810.5,6/23/2019
810.5,815,816,808.5,6/24/2019
815,811,821,808,6/25/2019
809,816.5,820,804.5,6/26/2019
814.5,814,818,808,6/27/2019
814.5,835.5,840.5,814,6/28/2019
835.5,836,836,835.5,6/30/2019
830.5,832.5,847.5,830.5,7/1/2019
833,830,839,824.5,7/2/2019
831.5,839,843.5,828.5,7/3/2019
840.5,834.5,841.5,833,7/4/2019
835.5,809.5,838.5,804.5,7/5/2019
809.5,809.5,809.5,809.5,7/7/2019
809.5,816.5,819.5,807,7/8/2019
816,811,816,805.5,7/9/2019
811,827,828.5,807.5,7/10/2019
826.5,823,832,822,7/11/2019
823,830,831,816.5,7/12/2019
830,830,830,830,7/14/2019
830.5,842.5,846.5,828.5,7/15/2019
843,840.5,851.5,837.5,7/16/2019
840.5,845.5,851,834.5,7/17/2019
845.5,854,854,844,7/18/2019
854.5,846,862,846,7/19/2019
846,846,846,846,7/21/2019
846,849,853,845,7/22/2019
848.5,856.5,859,844.5,7/23/2019
857,878,878.5,855.5,7/24/2019
878,867.5,886,866.5,7/25/2019
868,865,870.5,860,7/26/2019
865,865,865,865,7/28/2019
867,881,883,865,7/29/2019
881,871.5,883,868,7/30/2019
871.5,864.5,879,862.5,7/31/2019
866,853.5,866,842.5,8/1/2019
853,845,858,842,8/2/2019
845,845,845,845,8/4/2019
845.5,855.5,859.5,842.5,8/5/2019
856,852.5,859,844,8/6/2019
852.5,864.5,870,846.5,8/7/2019
863.5,865.5,870,851.5,8/8/2019
866,861.5,869,858.5,8/9/2019
861.5,861,861.5,861,8/11/2019
860.5,857.5,863,853.5,8/12/2019
858,854.5,867,838.5,8/13/2019
854.5,845.5,855.5,843,8/14/2019
846.5,840,847.5,833,8/15/2019
841,849.5,851.5,832.5,8/16/2019
849.5,849.5,849.5,849.5,8/18/2019
850.5,852.5,858.75,843.75,8/19/2019
853,849.6,856.6,845,8/20/2019
849.1,852.6,856.6,841.1,8/21/2019
852.6,857.6,861.1,845.6,8/22/2019
858.1,858.6,870.1,851.1,8/23/2019
858.6,857,858.6,857,8/25/2019
860,856.1,867,853.1,8/26/2019
856.6,866.6,869.1,855.1,8/27/2019
866.1,903.75,908.75,866.1,8/28/2019
901.75,916.25,936.25,895.25,8/29/2019
916.25,933.25,940.25,913.25,8/30/2019
933.25,933.25,933.25,933.25,9/1/2019
933.75,929.25,939,924.75,9/2/2019
928.75,958.25,960.75,927.25,9/3/2019
957.75,985.75,990.75,957.25,9/4/2019
984.25,961.75,997.25,947.25,9/5/2019
958.25,950.25,963.75,927.25,9/6/2019
950.25,948.75,956.75,948.75,9/8/2019
947.5,947,962,943.5,9/9/2019
946.5,930.5,947,928.5,9/10/2019
931.5,943.5,946,930,9/11/2019
944.5,951.5,960.5,943,9/12/2019
950.5,948.5,964,946.5,9/13/2019
956.5,939,960,929,9/16/2019
938,943.5,945.5,931,9/17/2019
941,932,943.5,922.5,9/18/2019
931.5,940,943,923.5,9/19/2019
938.5,946.5,949,937,9/20/2019
946.5,945.5,946.5,945.5,9/22/2019
947,958.5,962.5,946,9/23/2019
959,955,963,948.5,9/24/2019
955.5,927.5,958.5,924.5,9/25/2019
927,931,938,926.5,9/26/2019
930,931,937,921,9/27/2019
931,931,931,931,9/29/2019
933.5,884.5,935.5,875.5,9/30/2019
884.5,878,888.5,875,10/1/2019
878.5,890,893,870.5,10/2/2019
888.5,891,899.5,886.5,10/3/2019
890.5,881.5,890.5,872.5,10/4/2019
881.5,881,881.5,881,10/6/2019
882.5,878.5,889,875,10/7/2019
879,890.5,892.5,877,10/8/2019
890.5,893.5,896.5,882.5,10/9/2019
892,901,903.5,883,10/10/2019
898,894.5,905.5,884.5,10/11/2019
894.5,895,895,894.5,10/13/2019
895,895.5,901,890,10/14/2019
894,884.5,901.5,882.5,10/15/2019
885,886,890.5,876,10/16/2019
887,890.5,890.5,881,10/17/2019
888.5,891.5,894.5,883.5,10/18/2019
891.5,889.5,892.5,889.5,10/20/2019
892.5,888.5,899,885.5,10/21/2019
889,893.5,893.5,886,10/22/2019
892,917.5,920.5,890.5,10/23/2019
918,924.5,933,918,10/24/2019
923,927,940,923,10/25/2019
927,927,927,926,10/27/2019
927,919,934,914,10/28/2019
919,921,922.5,909.5,10/29/2019
921.5,926,928,915.5,10/30/2019
925.5,933,939.5,923.5,10/31/2019
933.5,951,955.5,930.5,11/1/2019
951,951.5,951.5,951,11/3/2019
952,940,956,932.5,11/4/2019
937.5,929,939.5,924.5,11/5/2019
928.5,929.5,933,922.5,11/6/2019
928.5,910,934,904,11/7/2019
909,887.5,910.5,887.5,11/8/2019
887.5,887,887.5,887,11/10/2019
888.5,878,892,874,11/11/2019
876,868.5,881,866,11/12/2019
869.5,876.5,877.5,868.5,11/13/2019
876,882,885,871,11/14/2019
882,891,897.5,876,11/15/2019
891,891,893,890,11/17/2019
891,895,899.5,880,11/18/2019
894.5,911.5,912.5,894,11/19/2019
912,918,920,907,11/20/2019
918.5,916,927.5,911,11/21/2019
915.5,891.5,916.5,886,11/22/2019
891.5,891.5,891.5,891.5,11/24/2019
890.5,898,900.5,889.5,11/25/2019
897,909,916.5,894,11/26/2019
908.5,895.5,908.5,889.5,11/27/2019
896,892.5,897.5,889,11/28/2019
893.5,896,902,892,11/29/2019
896,897,897,896,12/1/2019
896,898,905,891.5,12/2/2019
898.5,910,912,896.5,12/3/2019
910,895.5,916,895,12/4/2019
896.5,898,902,884.5,12/5/2019
897.5,897,901.5,891.5,12/6/2019
897,897,897,897,12/7/2019
897,897,897,897,12/8/2019
895.5,895.5,901,889,12/9/2019
896,921.5,924,894.5,12/10/2019
922,938.5,945,914,12/11/2019
941,945,948.5,936,12/12/2019
947.5,928,947.5,923,12/13/2019
928,929.5,929.5,928,12/15/2019
927.5,929,935.5,926,12/16/2019
929.5,928.5,934,919.5,12/17/2019
927.5,936,936.5,923.5,12/18/2019
935.5,936,939.5,926.5,12/19/2019
935,910.5,937.5,909,12/20/2019
910.5,910,910.5,909.5,12/22/2019
911,936,939.5,910.5,12/23/2019
936,945,947,930,12/24/2019
946.5,946,946.5,946,12/25/2019
945,947.5,962,939.5,12/26/2019
947,947,955,943.5,12/27/2019
947,947.5,947.5,947,12/29/2019
946.5,958,961.5,945.5,12/30/2019
958,965.5,984,957,12/31/2019
965,965,965,965,1/1/2020
968.5,979,991.5,965.5,1/2/2020
978.5,982,994,978.5,1/3/2020
982,984,984,982,1/5/2020
988.5,963.5,992.5,955.5,1/6/2020
963.5,970,976,956.5,1/7/2020
970.5,953,976,952.5,1/8/2020
954,968.5,971.5,948,1/9/2020
969,980,984,963,1/10/2020
980,980.5,980.5,980,1/12/2020
978.5,976,980,964.5,1/13/2020
975,985,985,966,1/14/2020
984,1022,1025.5,983.5,1/15/2020
1021.5,1004.5,1041.5,996.5,1/16/2020
1005,1025,1029.5,1003.5,1/17/2020
1025,1024.5,1025,1024.5,1/19/2020
1026.5,1021.5,1031.5,1010.5,1/20/2020
1022.5,1002,1027,991,1/21/2020
1002.5,1016,1020,993,1/22/2020
1015,1004,1022,998.5,1/23/2020
1006,1007.5,1018,1001.5,1/24/2020
1007.5,1010,1010,1007.5,1/26/2020
1008,987,1009.5,985,1/27/2020
985.5,986,993.5,980.5,1/28/2020
989.5,977,997,972.5,1/29/2020
979,978,982.5,963.5,1/30/2020
980.5,960,984.5,957,1/31/2020
960,961.5,961.5,960,2/2/2020
963,968.5,973.5,952,2/3/2020
969,964.5,982.5,959,2/4/2020
966,984,987,961.5,2/5/2020
983.5,965,989.5,961,2/6/2020
964.5,968,976,959,2/7/2020
968,968,968,968,2/9/2020
969,964.5,976,954.5,2/10/2020
964,972.5,974.5,961,2/11/2020
973,963.5,973,955.5,2/12/2020
964,970.5,975.5,961.5,2/13/2020
970,965.5,977,964,2/14/2020
965.5,965,965.5,965,2/16/2020
965.5,971,973,965.5,2/17/2020
970,992,994,970,2/18/2020
992.5,1008,1018.5,992,2/19/2020
1009.5,979.5,1012,973,2/20/2020
980.5,975.5,989,972,2/21/2020
975.5,976,976,975,2/23/2020
976,966.5,979,960.5,2/24/2020
966.5,927.5,971,922.5,2/25/2020
930.5,914.5,937,909,2/26/2020
915.5,903.5,924,898,2/27/2020
901.5,867.5,906,851.5,2/28/2020
867.5,867.5,867.5,867.5,3/1/2020
853,864.5,886,852.5,3/2/2020
867,881,883,861.5,3/3/2020
882,876,890.5,868,3/4/2020
876.5,867.5,877.5,858,3/5/2020
868.5,905,906.5,856.5,3/6/2020
905,911.5,911.5,905,3/8/2020
913,868,913,862.5,3/9/2020
869,873.5,893.5,868,3/10/2020
874.5,866,887,864,3/11/2020
865.5,772,869,754,3/12/2020
771.5,764,818.5,739.5,3/13/2020
764,747,773,743.5,3/15/2020
563,663,690.5,563,3/16/2020
666.5,668.5,716.5,600,3/17/2020
670,626,680.5,604.5,3/18/2020
626.5,595,648.5,586.5,3/19/2020
594.5,613.5,639,593.5,3/20/2020
613.5,597,613.5,596,3/22/2020
596,650,650,596,3/23/2020
648.5,720.5,721.5,648.5,3/24/2020
723.5,740,748.5,710.5,3/25/2020
738.5,741.5,744,706.5,3/26/2020
741.5,746.5,757,730,3/27/2020
746.5,746.5,746.5,746.5,3/29/2020
747,727,749.5,716.5,3/30/2020
728.5,725,742,721.5,3/31/2020
724,721.5,732.5,707.5,4/1/2020
725,731.5,739.5,718.5,4/2/2020
732,725.5,732,713,4/3/2020
725.5,725.5,725.5,725.5,4/5/2020
726,740,743,721.5,4/6/2020
740.5,740,751,734,4/7/2020
738.5,735.5,757.5,727,4/8/2020
733.5,751.5,756.5,732.5,4/9/2020
751.5,750.5,752,749.5,4/12/2020
752.5,753,753.5,740.5,4/13/2020
751.5,777.25,795.75,750,4/14/2020
779.75,784.25,791.75,766.75,4/15/2020
779.25,787.75,799.75,762.25,4/16/2020
791.75,777.75,793.25,768.75,4/17/2020
777.75,775.75,777.75,774.75,4/19/2020
776.25,774.75,787.75,770.25,4/20/2020
772.75,749.25,776.25,712.75,4/21/2020
750.75,757.25,764.25,743.75,4/22/2020
761.25,758.75,782.75,753.25,4/23/2020
759.75,764.75,773.25,747.25,4/24/2020
765,768.5,768.5,765,4/26/2020
767.5,762.25,775,753.25,4/27/2020
764.25,775.25,782.25,756.75,4/28/2020
776.75,777.75,793.25,764.75,4/29/2020
777.25,776.75,792.75,759.25,4/30/2020
774.75,762.75,784.25,752.75,5/1/2020
762.75,760.25,762.75,759.75,5/3/2020
759.25,769,777,748.25,5/4/2020
768,769.75,775.25,757.75,5/5/2020
768.75,752.75,771.25,748.75,5/6/2020
753.25,768.25,771.75,751.75,5/7/2020
767.75,770.25,780.25,763.25,5/8/2020
770.25,770.25,770.25,770.25,5/9/2020
770.25,769,770.5,769,5/10/2020
770,760.5,781,754.75,5/11/2020
761,758.25,775.75,753.5,5/12/2020
757.75,760.75,765.25,752.75,5/13/2020
760.25,770.75,772.75,757.75,5/14/2020
770.75,800.5,802.5,769.75,5/15/2020
800.5,801,801,800.5,5/17/2020
813,814.5,831,799.5,5/18/2020
818.5,834.25,842.75,804.5,5/19/2020
837.25,845.25,859.75,834.25,5/20/2020
844.75,836.25,855.25,818.75,5/21/2020
836.25,837.25,848.75,819.25,5/22/2020
837.25,835.75,837.25,835.75,5/24/2020
833.25,843.25,848.25,823.75,5/25/2020
843.25,840.75,862.75,834.25,5/26/2020
833.75,841.25,842.75,819.25,5/27/2020
840.75,823.75,846.75,818.25,5/28/2020
824.75,838.75,849.25,809.25,5/29/2020
838.75,838.75,838.75,838.75,5/30/2020
838,852.5,859,833,6/1/2020
850,847.25,857,828.75,6/2/2020
847.25,835.5,849.75,827.5,6/3/2020
836,840,846.5,824,6/4/2020
841,818.5,847,805.5,6/5/2020
818.5,818.5,818.5,818.5,6/6/2020
818.5,818.5,818.5,818.5,6/7/2020
814,840.5,844.5,813.5,6/8/2020
842,837.5,845,820.5,6/9/2020
839.5,839,847.5,821.5,6/10/2020
843,810,843,802,6/11/2020
810.5,811.5,834,799,6/12/2020
811.5,811.5,811.5,811.5,6/13/2020
811.5,812.5,812.5,811.5,6/14/2020
807.5,822,830,785,6/15/2020
826.5,825.5,835.5,808.5,6/16/2020
824.5,823,833.5,813.5,6/17/2020
823,807,828,801.5,6/18/2020
809.5,810.5,837.5,806,6/19/2020
810.5,810.5,810.5,810.5,6/20/2020
810.5,810.5,810.5,810.5,6/21/2020
814.5,825,839.5,808,6/22/2020
824.5,830,838,812,6/23/2020
831.5,794.5,835.5,794.5,6/24/2020
803.5,803,810.5,792.5,6/25/2020
806.5,805.5,812,794.5,6/26/2020
805.5,805.5,805.5,805.5,6/27/2020
806.5,816,823.5,805,6/29/2020
816.5,831,835,808,6/30/2020
830.5,825,839,808.5,7/1/2020
826.5,812.5,830.5,807,7/2/2020
811,810,818,807,7/3/2020
810,810.5,810.5,810,7/5/2020
813,822,836,810.5,7/6/2020
824,839,846,811.5,7/7/2020
840,852,858,837,7/8/2020
852.5,838.5,862.5,828,7/9/2020
837.5,825.5,847,823.5,7/10/2020
825.5,825.5,825.5,825.5,7/11/2020
825.5,829.5,829.5,825.5,7/12/2020
828.5,832,851.5,827,7/13/2020
832,830.5,836,815.5,7/14/2020
832.5,837.5,843,824.5,7/15/2020
837.5,827,841,818,7/16/2020
827.5,840.5,845,824,7/17/2020
840.5,840.5,840.5,840.5,7/18/2020
840.5,841.5,841.5,840.5,7/19/2020
841,850.5,854,835,7/20/2020
849,885.5,889,848.5,7/21/2020
886.5,925.5,926,873,7/22/2020
925.5,918,935,904.5,7/23/2020
920,921,930,895,7/24/2020
921,921,921,921,7/25/2020
921,922,922.5,921,7/26/2020
921.5,948.5,949.5,921,7/27/2020
951.5,953,971,907.5,7/28/2020
954.5,927,957,919.5,7/29/2020
930,907,931.5,883,7/30/2020
908,905.5,921.5,898,7/31/2020
905.5,905.5,905.5,905.5,8/1/2020
905.5,906.5,906.5,905,8/2/2020
914,924,925,900.5,8/3/2020
926.5,942,943,911,8/4/2020
943,970,982.5,928.5,8/5/2020
971.5,1001.5,1003.5,963.5,8/6/2020
1007,966,1011.5,947.5,8/7/2020
966,966,966,966,8/8/2020
966,964,966,964,8/9/2020
964,991.5,1011.5,963,8/10/2020
987.5,943.5,995,929.5,8/11/2020
938.5,931,962,916.5,8/12/2020
933,960.5,970,927.5,8/13/2020
961,947.25,967.5,941.25,8/14/2020
947.25,947.25,947.25,947.25,8/15/2020
947.25,950.25,950.25,947.25,8/16/2020
946.75,954.75,960.25,938.75,8/17/2020
954.75,966,974.5,942,8/18/2020
961.5,937,964,930.5,8/19/2020
937,924.5,948,909,8/20/2020
924,921,928.5,899.5,8/21/2020
921,919.5,921,919.5,8/23/2020
921,919.5,942.5,916,8/24/2020
920,930,938.5,918.5,8/25/2020
931.5,938,938,913.5,8/26/2020
936,925.5,951.5,908,8/27/2020
927.5,932.5,943.5,921,8/28/2020
932.5,932.5,932.5,932.5,8/29/2020
932.5,928,932.5,928,8/30/2020
935.5,933.5,942.5,926,8/31/2020
933,944.5,963.5,930.5,9/1/2020
943.5,909,948,898.5,9/2/2020
907.5,893,917.5,885,9/3/2020
893.5,908.5,915.5,890,9/4/2020
908.5,908,908.5,908,9/6/2020
905.5,911.5,913,901,9/7/2020
912.5,908,921,892,9/8/2020
903,923,926,900.5,9/9/2020
921.5,930,944,919,9/10/2020
930,930.5,945.5,925.5,9/11/2020
930.5,930.5,930.5,930.5,9/12/2020
931,958.5,962.5,931,9/14/2020
959.5,976.5,982,959,9/15/2020
976,975,987.5,967.5,9/16/2020
974,937.5,975,925.5,9/17/2020
938.5,934.5,950.5,930.5,9/18/2020
934.5,933,934.5,933,9/20/2020
931,886,944.5,855,9/21/2020
887,868.5,897,863.5,9/22/2020
870,844,881,838.5,9/23/2020
843.5,853,854.5,830.5,9/24/2020
851,852,866,836,9/25/2020
852,849,852,849,9/27/2020
856.5,885,888.5,849.5,9/28/2020
885,889.5,894,875,9/29/2020
889,892.5,907,869.5,9/30/2020
895,900,911,889.5,10/1/2020
899,884.5,902,881.5,10/2/2020
884.5,884.5,884.5,884.5,10/4/2020
887,898.5,902.5,875.5,10/5/2020
901.5,855,904,850,10/6/2020
854,868,871.5,851,10/7/2020
869,868.5,876.5,859.5,10/8/2020
868.5,891,898,867,10/9/2020
891,891,892,891,10/11/2020
886.5,876.5,890,868.5,10/12/2020
878,869.5,881,862,10/13/2020
870,860,880,858,10/14/2020
861,868.5,870,842.5,10/15/2020
869,866.5,880.5,859.5,10/16/2020
866.5,865,866.5,865,10/18/2020
866,865,880.5,854,10/19/2020
860.5,878.5,883.5,853.5,10/20/2020
878.5,888.5,896.5,875,10/21/2020
891.5,885.5,894,863.5,10/22/2020
887.5,906.5,920,883,10/23/2020
906.5,903.5,907.5,902.5,10/25/2020
903,876.5,905,871.5,10/26/2020
876.5,879,889,873,10/27/2020
879.5,873.5,890,859,10/28/2020
873,851.5,877.5,846.5,10/29/2020
852,851.5,862,845,10/30/2020
851.5,851.5,851.5,851.5,10/31/2020
851.5,845.5,851.5,845.5,11/1/2020
849,862,866,840,11/2/2020
862,872.5,886.5,858.5,11/3/2020
875,871,882,852,11/4/2020
871.5,894,908,869.5,11/5/2020
897,899.5,914,889,11/6/2020
899.5,899,899.5,899,11/8/2020
901,870.5,907,853,11/9/2020
868.5,888,895,868,11/10/2020
886,869,894.5,860.5,11/11/2020
868.5,883,887.5,866,11/12/2020
882.5,895,899.5,881.5,11/13/2020
895,897,897,895,11/15/2020
895,927.5,930,891,11/16/2020
928.5,931,938.5,921,11/17/2020
931,945.5,955,913,11/18/2020
945,953,954.5,932.5,11/19/2020
950,948,964,947,11/20/2020
948,948,948,948,11/21/2020
951,950.5,951,950.5,11/22/2020
949.5,929,953,919,11/23/2020
930.5,964.5,965.5,924.5,11/24/2020
964,965,971,951.5,11/25/2020
968,965.5,971.5,952.5,11/26/2020
964,968,971.5,946.5,11/27/2020
968,968,968,968,11/28/2020
966,966,966,966,11/29/2020
970.5,967.5,980.5,954.5,11/30/2020
968.5,1001,1003.5,966.5,12/1/2020
1001.5,1016,1020.5,982.5,12/2/2020
1015.5,1033.5,1037.5,1001.5,12/3/2020
1032.5,1060.5,1082,1028.5,12/4/2020
1060.5,1049,1060.5,1047.5,12/6/2020
1066.5,1026,1068,1009,12/7/2020
1025,1027.5,1036.5,1016.5,12/8/2020
1028.5,1005,1033,993.5,12/9/2020
1002.5,1031.5,1041.5,1000.5,12/10/2020
1032,1016,1037.5,1008.5,12/11/2020
1016,1017,1017,1016,12/13/2020
1021.5,1010.5,1029,1000.5,12/14/2020
1011.5,1039,1041,1004.5,12/15/2020
1042,1038,1053,1021.5,12/16/2020
1038,1050,1060,1034,12/17/2020
1047,1040.5,1053.5,1028,12/18/2020
1040.5,1040.5,1040.5,1040.5,12/20/2020
1039,1011.5,1056.5,955,12/21/2020
1015.5,1003.5,1022.5,990,12/22/2020
1004.5,1017.5,1022,1002,12/23/2020
1019,1028,1031,1016,12/24/2020
1028,1024.5,1028,1024.5,12/27/2020
1031.5,1039,1056,1031.5,12/28/2020
1038,1058.5,1065.5,1038,12/29/2020
1055,1075.5,1076,1054,12/30/2020
1075,1075.5,1085.5,1066,12/31/2020
1074.5,1074.5,1074.5,1074.5,1/3/2021
1081,1067,1132.5,1051.5,1/4/2021
1067.5,1114.5,1119,1059,1/5/2021
1114,1104,1117.5,1080.5,1/6/2021
1107.5,1121.5,1124,1093,1/7/2021
1121,1068,1131.5,1053.5,1/8/2021
1068,1068,1070.5,1068,1/10/2021
1069.5,1036,1069.5,1011.5,1/11/2021
1041,1073.5,1078.5,1039.5,1/12/2021
1074,1099,1108,1065,1/13/2021
1100,1121,1123,1097.5,1/14/2021
1121.5,1073,1123,1073,1/15/2021
1073,1073,1073,1073,1/16/2021
1073,1074,1074,1073,1/17/2021
1078,1085,1089,1067.5,1/18/2021
1093.5,1088.5,1105,1078.5,1/19/2021
1090,1118.5,1118.5,1082.5,1/20/2021
1115.5,1129.5,1155,1102.5,1/21/2021
1129.5,1106.5,1133,1088,1/22/2021
1106.5,1106.5,1106.5,1106.5,1/23/2021
1106.5,1106.5,1106.5,1106.5,1/24/2021
1108.5,1098.5,1120.5,1082,1/25/2021
1099.5,1106,1109.5,1081.5,1/26/2021
1104,1072,1104.5,1061.5,1/27/2021
1069.5,1075,1100,1053.5,1/28/2021
1073.5,1076.5,1114.5,1067,1/29/2021
1076.5,1076.5,1076.5,1076.5,1/30/2021
1076.5,1076.5,1076.5,1076.5,1/31/2021
1095,1133.5,1135,1091.5,2/1/2021
1130.5,1095,1131.5,1087,2/2/2021
1098,1106.5,1111.5,1092.5,2/3/2021
1106.5,1100,1107.5,1079,2/4/2021
1101.5,1125,1129.5,1097.5,2/5/2021
1125,1128,1128,1125,2/7/2021
1137,1162.5,1176,1132,2/8/2021
1163,1180.5,1194,1160.5,2/9/2021
1181,1243,1252.5,1180,2/10/2021
1243,1240,1273,1228,2/11/2021
1238.5,1252.5,1257,1214.5,2/12/2021
1252.5,1252.5,1252.5,1252.5,2/13/2021
1252.5,1257,1257,1252.5,2/14/2021
1261.5,1306,1308,1261,2/15/2021
1305,1265,1340,1259.5,2/16/2021
1262.5,1256.5,1265.5,1224.5,2/17/2021
1258.5,1275,1288.5,1246,2/18/2021
1280,1275.5,1301.5,1235,2/19/2021
1275.5,1275,1275.5,1275,2/21/2021
1295.5,1275.5,1301.5,1263.5,2/22/2021
1277,1241.5,1279.5,1216.5,2/23/2021
1244,1269,1273.5,1238,2/24/2021
1266,1220.5,1270.5,1217.5,2/25/2021
1219.5,1192.5,1233,1170,2/26/2021
1192.5,1192,1192.5,1192,2/28/2021
1194,1190.5,1230.5,1185.5,3/1/2021
1190,1209,1215.5,1172.5,3/2/2021
1205,1167,1213.5,1165,3/3/2021
1168.5,1129.5,1182,1120.5,3/4/2021
1130.5,1132,1134.5,1111,3/5/2021
1132,1129.5,1132,1129.5,3/7/2021
1134.5,1140.5,1158,1120,3/8/2021
1143.5,1174,1180.5,1137.5,3/9/2021
1172.5,1207,1208.5,1155,3/10/2021
1206,1201.5,1229.5,1195,3/11/2021
1199.5,1206,1213.5,1172,3/12/2021
1206,1206,1206,1206,3/13/2021
1206,1211,1214,1206,3/14/2021
1212.5,1217.5,1224,1202,3/15/2021
1216,1215.5,1237,1206,3/16/2021
1216,1219.5,1222,1188.5,3/17/2021
1218,1205.5,1233,1205.5,3/18/2021
1204.5,1199,1214.5,1172,3/19/2021
1199,1199,1199,1199,3/20/2021
1199,1191,1199,1188.5,3/21/2021
1191.5,1186.5,1195,1164,3/22/2021
1186.5,1170,1195.5,1168,3/23/2021
1168.5,1173,1189.5,1161.5,3/24/2021
1173,1152.5,1182.5,1145,3/25/2021
1153,1187,1187,1149.5,3/26/2021
1187,1187,1187,1187,3/28/2021
1187,1176,1200.5,1164,3/29/2021
1180.5,1158,1186,1154.5,3/30/2021
1158,1191.5,1196,1158,3/31/2021
1188.5,1213,1216,1175.5,4/1/2021
1213,1212.5,1213,1212.5,4/4/2021
1217.5,1214.5,1223,1196,4/5/2021
1214.5,1243,1244.5,1202,4/6/2021
1242.5,1231,1247.5,1224,4/7/2021
1230.5,1233.5,1240.5,1220.5,4/8/2021
1232.5,1203.5,1234.5,1192,4/9/2021
1203.5,1203.5,1203.5,1203.5,4/10/2021
1203.5,1206,1206,1203.5,4/11/2021
1204,1173.5,1205,1169,4/12/2021
1174.5,1160,1186,1156.5,4/13/2021
1162,1174.5,1187,1159.5,4/14/2021
1174.5,1199.5,1206,1173.5,4/15/2021
1198.5,1205.5,1212,1192.5,4/16/2021
1205.5,1205.5,1205.5,1205.5,4/17/2021
1206,1206,1206,1206,4/18/2021
1204,1209.5,1230,1202.5,4/19/2021
1211.5,1190.5,1213.5,1185,4/20/2021
1188,1216.5,1222.5,1186,4/21/2021
1218,1207.5,1221,1200.5,4/22/2021
1206.5,1232,1253,1205,4/23/2021
1232,1232.5,1233.5,1232,4/25/2021
1234,1245.5,1249.5,1229,4/26/2021
1248,1232.5,1258.5,1231,4/27/2021
1230.5,1222,1231,1208,4/28/2021
1226,1201.5,1233,1178,4/29/2021
1203,1201,1225.5,1198.5,4/30/2021
1201,1201,1201,1201,5/1/2021
1201,1199,1201,1198,5/2/2021
1201,1234,1246.5,1194.5,5/3/2021
1234,1240,1269,1219,5/4/2021
1238.5,1228,1241.5,1215.5,5/5/2021
1229,1255,1257,1217.5,5/6/2021
1255,1251.5,1269.5,1240.5,5/7/2021
1251.5,1251.5,1251.5,1251.5,5/8/2021
1251.5,1251.5,1251.5,1251.5,5/9/2021
1256,1251.5,1279,1249.5,5/10/2021
1252.5,1240,1254.5,1218,5/11/2021
1240.5,1216,1249,1213,5/12/2021
1216,1207,1223.5,1201,5/13/2021
1210,1227.5,1235,1207.5,5/14/2021
1227.5,1227.5,1227.5,1227.5,5/16/2021
1231.5,1244,1247.5,1224,5/17/2021
1243.5,1222.5,1251.5,1215,5/18/2021
1223,1192.5,1228.5,1187,5/19/2021
1194,1200.5,1213.5,1190.5,5/20/2021
1201,1171.5,1209,1168.5,5/21/2021
1171.5,1173,1173,1171.5,5/23/2021
1171,1178,1183.5,1164,5/24/2021
1179.5,1196.5,1199.5,1169.5,5/25/2021
1196.5,1196,1216.5,1191.5,5/26/2021
1196.5,1181.5,1200,1172.5,5/27/2021
1183,1182.5,1187,1171,5/28/2021
1182.5,1185,1185.5,1182.5,5/30/2021
1186.5,1190.5,1192.5,1184,5/31/2021
1190.5,1198,1207.5,1177.5,6/1/2021
1194,1194,1198,1181,6/2/2021
1194.5,1161,1197,1150,6/3/2021
1161.5,1167,1169.5,1144.5,6/4/2021
1167,1167,1167,1167,6/5/2021
1167,1169,1169,1167,6/6/2021
1170,1178,1178,1162.5,6/7/2021
1177.5,1165,1179.5,1157,6/8/2021
1163.5,1152,1167.5,1151.5,6/9/2021
1153.5,1153.5,1156.5,1132.5,6/10/2021
1156,1152.5,1164,1147,6/11/2021
1152.5,1152.5,1152.5,1152.5,6/12/2021
1150.5,1168,1175.5,1141.5,6/14/2021
1168.5,1154.5,1171.5,1148,6/15/2021
1155.5,1122.5,1157,1118.5,6/16/2021
1122,1059,1133,1046,6/17/2021
1061,1039,1084.5,1038,6/18/2021
1041.5,1052.5,1058,1024,6/21/2021
1056,1086,1086,1053.5,6/22/2021
1082.5,1091,1103,1081,6/23/2021
1092.5,1101.5,1103.5,1076.5,6/24/2021
1100.5,1113.5,1118,1098.5,6/25/2021
1113.5,1118,1118,1113.5,6/27/2021
1117,1096,1120,1094.5,6/28/2021
1095.5,1072,1098.5,1065,6/29/2021
1073,1077.5,1080.5,1055,6/30/2021
1077.5,1088.5,1098,1065.5,7/1/2021
1089,1092.5,1098,1083,7/2/2021
1092.5,1092.5,1092.5,1092.5,7/3/2021
1094,1103,1108,1091,7/5/2021
1104.5,1093.5,1121.5,1080,7/6/2021
1094,1088.5,1104,1081,7/7/2021
1090.5,1079.5,1091,1070,7/8/2021
1080.5,1106.5,1108.5,1074,7/9/2021
1106.5,1106.5,1106.5,1106.5,7/10/2021
1106.5,1106.5,1106.5,1106.5,7/11/2021
1107,1126,1129,1093.5,7/12/2021
1124,1109.5,1127.5,1106.5,7/13/2021
1109.5,1130.5,1138.5,1107,7/14/2021
1133,1142,1147.5,1127,7/15/2021
1142.5,1105,1143.5,1101,7/16/2021
1105,1105,1105,1105,7/18/2021
1105,1077.5,1110.5,1068.5,7/19/2021
1077.5,1070.5,1088,1059.5,7/20/2021
1069.5,1085,1086,1066.5,7/21/2021
1085,1096.5,1097,1077.5,7/22/2021
1097,1064,1101,1048.5,7/23/2021
1064,1064,1064,1064,7/24/2021
1064,1063.5,1064,1063.5,7/25/2021
1066.5,1071.5,1078,1059.5,7/26/2021
1071,1055.5,1073.5,1049,7/27/2021
1056,1070,1072,1049.5,7/28/2021
1072,1065.5,1084,1063.5,7/29/2021
1065,1051.5,1066,1039.5,7/30/2021
1051.5,1051.5,1051.5,1051.5,7/31/2021
1051.5,1057,1057,1051.5,8/1/2021
1054.5,1059.5,1070.5,1053.5,8/2/2021
1059,1052.5,1061,1044.5,8/3/2021
1054,1027.5,1058,1024,8/4/2021
1027.5,1008.5,1028.5,1007.5,8/5/2021
1008.5,982.5,1012,978.5,8/6/2021
982.5,982.5,982.5,982.5,8/7/2021
982.5,984,984.5,982.5,8/8/2021
984.5,982.5,991,965.5,8/9/2021
983.5,999.5,1006.5,980,8/10/2021
1001,1024,1026.5,1000,8/11/2021
1024.5,1023.5,1029.5,1013,8/12/2021
1024.5,1031.5,1035,1018.5,8/13/2021
1031.5,1031.5,1031.5,1031.5,8/14/2021
1031.5,1032,1032,1031.5,8/15/2021
1032.5,1028,1032.5,1007.5,8/16/2021
1027.5,1000,1033,993.5,8/17/2021
1000.5,999,1015.5,991.5,8/18/2021
1001.5,978,1002,963,8/19/2021
978.5,1001,1004.5,975.5,8/20/2021
1001,1001,1001,1001,8/22/2021
1001,1022.5,1026.5,997,8/23/2021
1023,1014,1028,1011,8/24/2021
1014.5,1001,1015.5,992.5,8/25/2021
1001,981.5,1002,979.5,8/26/2021
982,1014.5,1017,981,8/27/2021
1014.5,1016,1016,1014.5,8/29/2021
1015,1011.5,1022,1003,8/30/2021
1010,1018,1023.5,1000,8/31/2021
1018.5,1004,1021.5,1001,9/1/2021
1004,1001,1014,993,9/2/2021
1001.5,1028,1031.5,1000,9/3/2021
1028,1028,1028,1028,9/4/2021
1028,1029,1029.5,1028,9/5/2021
1027,1025,1031,1020,9/6/2021
1023.5,1002,1024,998,9/7/2021
1002.5,983.5,1010,980,9/8/2021
983,981,993.5,976,9/9/2021
981,958,989.5,956,9/10/2021
958,958,958,958,9/11/2021
958,958.5,958.5,958,9/12/2021
957,965,966.5,952.5,9/13/2021
966,947.5,966.5,939.5,9/14/2021
944,949.5,950.5,929.5,9/15/2021
952,936,961,933.5,9/16/2021
937,943.5,961.5,936,9/17/2021
943.5,944,944,943.5,9/19/2021
944.5,913.5,946.5,906,9/20/2021
916,957.5,962.5,914,9/21/2021
959,1000.5,1014.5,953,9/22/2021
1002.5,992.5,1014.5,985.5,9/23/2021
994,987,996,969.5,9/24/2021
987,987,987,987,9/25/2021
987,987,987,987,9/26/2021
987.5,984,1004,980.5,9/27/2021
983.5,969,990.5,964,9/28/2021
969,954,975,947,9/29/2021
955,966,972.5,954,9/30/2021
966.5,976,981,959,10/1/2021
977,978,978,977,10/3/2021
977,970.5,983.5,948.5,10/4/2021
970,965.5,970.5,950.5,10/5/2021
966,991,994.5,945.5,10/6/2021
993,984.5,1000,980.5,10/7/2021
985.5,1029.5,1042,982,10/8/2021
1029.5,1029.5,1029.5,1029.5,10/10/2021
1040.5,1011.5,1042,1011,10/11/2021
1011.5,1012.5,1025,1007,10/12/2021
1013.5,1024,1036,1007,10/13/2021
1022.5,1060,1064.5,1018,10/14/2021
1062.5,1060,1064,1045,10/15/2021
1060,1060,1060,1060,10/17/2021
1052,1039,1054.5,1036.5,10/18/2021
1040,1043,1060,1037.5,10/19/2021
1042.5,1053,1057.5,1036.5,10/20/2021
1054,1052.5,1066,1038,10/21/2021
1052.5,1043,1079,1042.5,10/22/2021
1043,1043,1043,1043,10/23/2021
1043,1044,1044,1043,10/24/2021
1043,1063,1066,1041,10/25/2021
1063.5,1032,1063.5,1027,10/26/2021
1031,1013,1034,1012,10/27/2021
1012.5,1022,1035,1011,10/28/2021
1022,1023.5,1027,1007.5,10/29/2021
1023.5,1023.5,1023.5,1023.5,10/30/2021
1023.5,1021,1024,1021,10/31/2021
1022,1065.5,1069,1021,11/1/2021
1065,1041,1066,1041,11/2/2021
1041.5,1036.5,1050.5,1024,11/3/2021
1036.5,1029.5,1051.5,1027,11/4/2021
1030,1037,1043,1026,11/5/2021
1037,1037,1037,1037,11/6/2021
1037,1037.5,1037.5,1037,11/7/2021
1036.5,1058.5,1066,1034.5,11/8/2021
1058.5,1063,1066,1046.5,11/9/2021
1062.5,1071.5,1095,1053.5,11/10/2021
1070.5,1088,1095,1067.5,11/11/2021
1088.5,1085.5,1092.5,1069.5,11/12/2021
1085.5,1085.5,1085.5,1085.5,11/14/2021
1078.5,1090.5,1097.5,1075,11/15/2021
1090.5,1065.5,1106.5,1063.5,11/16/2021
1063,1062.5,1076.5,1056.5,11/17/2021
1060.5,1049.5,1076.5,1045.5,11/18/2021
1050.5,1033.5,1062.5,1031.5,11/19/2021
1033.5,1033.5,1033.5,1033.5,11/20/2021
1033.5,1034,1034,1033.5,11/21/2021
1031,1014.5,1043.5,1014,11/22/2021
1017.5,971.5,1024,960,11/23/2021
974,977.5,987.5,969.5,11/24/2021
979.5,1000,1003,979.5,11/25/2021
988,955.5,997,952.5,11/26/2021
955.5,955.5,955.5,955.5,11/28/2021
978,966.5,983.5,965.5,11/29/2021
967.5,941,974,932,11/30/2021
944,937,962,933.5,12/1/2021
937.5,941,954.5,935,12/2/2021
943,935.5,957,926,12/3/2021
935.5,935.5,935.5,935.5,12/4/2021
935.5,935.5,935.5,935,12/5/2021
938,941.5,946.5,925,12/6/2021
942.5,956.5,966,939,12/7/2021
957,959.5,969.5,950,12/8/2021
960.5,939.5,962,937.5,12/9/2021
940,946.5,950,934.5,12/10/2021
946.5,946.5,946.5,946.5,12/11/2021
946.5,946.5,946.5,946.5,12/12/2021
954,933.5,958.5,931,12/13/2021
933,925.5,937,912.5,12/14/2021
925.5,921,927,897.5,12/15/2021
921.5,941.5,942.5,919.5,12/16/2021
941,940,953,936.5,12/17/2021
940,940,940,940,12/18/2021
940,942.5,942.5,940,12/19/2021
939.5,937,939.5,921,12/20/2021
938.5,937.5,948,931.5,12/21/2021
937,975.5,977.5,932,12/22/2021
974,973,979,959.5,12/23/2021
973,974,974,973,12/26/2021
969,974,979,956.5,12/27/2021
975.5,982.5,991.5,970,12/28/2021
978,972.5,980,962.5,12/29/2021
972,965.5,976,961.5,12/30/2021
966.5,960.5,970,953.5,12/31/2021
970,970,970,970,1/2/2022
973,960,984.5,933,1/3/2022
959.5,975.5,987.5,952,1/4/2022
976.5,986,1006.5,970,1/5/2022
984,968,989.5,956.5,1/6/2022
967.5,962,976,952,1/7/2022
962,962,962,962,1/9/2022
959.5,944,967,927.5,1/10/2022
946.5,975.5,981,942.5,1/11/2022
974.5,982,988.5,968,1/12/2022
982.5,974,984,967.5,1/13/2022
973.5,973.5,987.5,970.5,1/14/2022
973.5,973.5,973.5,973.5,1/16/2022
973,976.5,981,969,1/17/2022
976,986,992.5,967.5,1/18/2022
986.5,1027,1037,976.5,1/19/2022
1026.5,1042,1057,1019.5,1/20/2022
1044,1033,1054.5,1030.5,1/21/2022
1033,1033,1033,1033,1/22/2022
1033,1038,1038,1033,1/23/2022
1030.5,1032.5,1043.5,1007.5,1/24/2022
1033,1030,1037.5,1011,1/25/2022
1029,1033,1065,1028,1/26/2022
1035.5,1027,1039.5,1016,1/27/2022
1028,1015.5,1034,995,1/28/2022
1015.5,1012,1015.5,1011.5,1/30/2022
1012.5,1023,1026.5,1010.5,1/31/2022
1023,1031.5,1048.5,1021,2/1/2022
1029,1037,1048.5,1026.5,2/2/2022
1036,1036,1042,1023,2/3/2022
1037,1026.5,1040.5,1017,2/4/2022
1026.5,1026.5,1026.5,1026.5,2/6/2022
1028.5,1024.5,1034,1014,2/7/2022
1025,1036,1039,1008.5,2/8/2022
1035.5,1036.5,1044.5,1025.5,2/9/2022
1036,1027,1059,1019.5,2/10/2022
1028,1033.5,1038.5,1013.5,2/11/2022
1033.5,1034,1034,1033.5,2/13/2022
1029.5,1031,1044,1023.5,2/14/2022
1030.5,1027.5,1036.5,1008,2/15/2022
1029,1063.5,1068,1025,2/16/2022
1063.5,1090.5,1094.5,1058.5,2/17/2022
1091,1071.5,1098.5,1067,2/18/2022
1071.5,1071.5,1071.5,1071.5,2/20/2022
1074.5,1079,1085,1071,2/21/2022
1085.5,1079,1096,1077,2/22/2022
1078.5,1094.5,1096,1078.5,2/23/2022
1095,1062,1127,1042.5,2/24/2022
1062,1060,1069.5,1047.5,2/25/2022
1060,1061.5,1061.5,1060,2/27/2022
1077.5,1049,1077.5,1036.5,2/28/2022
1047.5,1058.5,1067,1043,3/1/2022
1058,1076.5,1079,1053,3/2/2022
1075,1084.5,1096.5,1071,3/3/2022
1084.5,1126,1129,1075.5,3/4/2022
1126,1126,1126,1126,3/5/2022
1126,1128.5,1128.5,1126,3/6/2022
1147.5,1124,1161,1108.5,3/7/2022
1126,1158.5,1180.5,1120.5,3/8/2022
1160.5,1079,1180,1064.5,3/9/2022
1078.5,1072.5,1103,1060.5,3/10/2022
1074.5,1081.5,1086.5,1055,3/11/2022
1081.5,1074,1085.5,1070,3/13/2022
1073,1037,1074,1029.5,3/14/2022
1035.5,986,1037,983.5,3/15/2022
986.5,1022.5,1024.5,985.5,3/16/2022
1022.5,1027,1034,1013,3/17/2022
1027,1027,1043.5,1024.5,3/18/2022
1027,1027,1030.5,1026.5,3/20/2022
1027,1041,1047,1025,3/21/2022
1040.5,1026,1046,1015.5,3/22/2022
1025.5,1024.5,1031,1014.5,3/23/2022
1024.5,1027.5,1036.5,1013,3/24/2022
1027.5,1004.5,1036,1001,3/25/2022
1004.5,1002.5,1005.5,1002.5,3/27/2022
1003,985.5,1005,982.5,3/28/2022
987,987.5,992.5,958,3/29/2022
988,996,1006.5,983,3/30/2022
996,986,998,980.5,3/31/2022
986.5,990.5,1002.5,985,4/1/2022
990.5,990.5,990.5,990.5,4/3/2022
989,989.5,1000,983,4/4/2022
990.5,971,991,969.5,4/5/2022
973,957.5,976.5,952.5,4/6/2022
956.5,966.5,968,946,4/7/2022
967,977.5,991.5,963,4/8/2022
977.5,977.5,977.5,977.5,4/9/2022
977.5,979.5,979.5,977.5,4/10/2022
983.5,984,999,977.5,4/11/2022
983,970.5,990,963.5,4/12/2022
971.5,990,993,971,4/13/2022
990.5,996,997,975.5,4/14/2022
996,996,996,996,4/15/2022
996,996,996,996,4/16/2022
996,996,996,996,4/17/2022
996,1015.5,1025,996,4/18/2022
1016,995,1026,985,4/19/2022
993.5,990,995,975,4/20/2022
989.5,971,994,969,4/21/2022
971.5,933,972.5,930.5,4/22/2022
933,933,933,933,4/23/2022
933,930,933,930,4/24/2022
932.5,924,934.5,914,4/25/2022
925.5,924.5,934,914,4/26/2022
926.5,920,938,908.5,4/27/2022
919.5,920,935,911,4/28/2022
920.5,936,949,917.5,4/29/2022
936,936,936,936,5/1/2022
942.5,938.5,944,916,5/2/2022
939.5,966,973.5,937,5/3/2022
966,996.5,1000.5,965,5/4/2022
997,986.5,1007,973.5,5/5/2022
985,965.5,987.5,954.5,5/6/2022
965.5,965.5,965.5,965.5,5/7/2022
965.5,965.5,965.5,965.5,5/8/2022
963.5,957,966,932,5/9/2022
956,968,991.5,952,5/10/2022
969.5,1000,1005,965.5,5/11/2022
998,948,1000.5,943.5,5/12/2022
947.5,943.5,966.5,937,5/13/2022
943.5,943.5,943.5,943.5,5/14/2022
943.5,946,946,943.5,5/15/2022
947,947.5,954.5,934,5/16/2022
947.5,955.5,966,939,5/17/2022
955.5,941,970,936.5,5/18/2022
940,966,971,925,5/19/2022
967,958,972.5,948.5,5/20/2022
958,958,958,958,5/21/2022
958,958,958,958,5/22/2022
962.5,959,980.5,956,5/23/2022
957,956.5,970,948,5/24/2022
956.5,948.5,959,936,5/25/2022
949,949,951.5,937,5/26/2022
951,958.5,959,948.5,5/27/2022
958.5,958.5,958.5,958.5,5/28/2022
958.5,957.5,958.5,957.5,5/29/2022
957,962,966.5,954,5/30/2022
961.5,971,981,954.5,5/31/2022
972.5,999,1010.5,968.5,6/1/2022
998.5,1025.75,1030.75,991.5,6/2/2022
1027.75,1019,1035,1010,6/3/2022
1019,1019,1019,1019,6/4/2022
1019,1019,1019,1019,6/5/2022
1023,1033.5,1033.5,1023,6/6/2022
1022,1015.5,1023,1003,6/7/2022
1015.5,1011,1018,1000,6/8/2022
1010.5,974.5,1012,972.5,6/9/2022
975.5,977.5,982.5,959,6/10/2022
977.5,977.5,977.5,977.5,6/11/2022
977.5,977,977.5,977,6/12/2022
979.5,935,980,933,6/13/2022
933.5,923,947,920,6/14/2022
924.5,945,955,923.5,6/15/2022
943,955.5,957,928.5,6/16/2022
954,935,955.5,932.5,6/17/2022
935,935,935,935,6/18/2022
935,935,935,935,6/19/2022
933.5,935,948,928.5,6/20/2022
934.5,942.5,958,933,6/21/2022
941.5,931.5,943.5,927.5,6/22/2022
932,910.5,933.5,908.5,6/23/2022
910.5,910,924,909.5,6/24/2022
910,910,910,910,6/25/2022
910,910,910,910,6/26/2022
913,911,919.5,900,6/27/2022
911.5,915,931,908,6/28/2022
913.5,920.5,938.5,912,6/29/2022
919,895.5,924.5,892,6/30/2022
897,891.5,902,867,7/1/2022
891.5,893.5,893.5,891.5,7/3/2022
892,887,893.5,882,7/4/2022
880.5,869,881.5,853.5,7/5/2022
870.5,859,871,847,7/6/2022
858.5,878,883.5,852.5,7/7/2022
879.5,899.5,906.5,870,7/8/2022
899.5,899.5,899.5,899.5,7/10/2022
896,874.5,900,872,7/11/2022
873,846,873.5,845,7/12/2022
845,854,861.5,836,7/13/2022
855.5,852,856,833,7/14/2022
852,853,857.5,840,7/15/2022
853,853.5,853.5,853,7/17/2022
855.5,867.5,881.5,852,7/18/2022
868,878.5,891,858.5,7/19/2022
878,862,887.5,860.5,7/20/2022
861.5,879,880.5,852.5,7/21/2022
878.5,876,891.5,872.5,7/22/2022
876,876,876,876,7/24/2022
874,883,888.5,871,7/25/2022
882,876.5,894,871.5,7/26/2022
877,889.5,894,873,7/27/2022
892,892,900,882,7/28/2022
891.5,899.5,909.5,887,7/29/2022
899.5,899.5,899.5,899.5,7/30/2022
899.5,899.5,899.5,899.5,7/31/2022
897,911.5,917.5,894,8/1/2022
911,899.5,922.5,898.5,8/2/2022
894.5,903,906,889,8/3/2022
902.5,931,935.5,899,8/4/2022
931.5,934.5,946.5,924,8/5/2022
934.5,934.5,934.5,934.5,8/6/2022
934.5,934.5,934.5,934.5,8/7/2022
936.5,944.5,952.5,934.5,8/8/2022
945,938,948,934,8/9/2022
937.5,946.5,952,929,8/10/2022
946.5,960,977,945.5,8/11/2022
961.5,966,966,947.5,8/12/2022
966,966,966,966,8/13/2022
966,966,966,966,8/14/2022
966.5,937.5,967,926,8/15/2022
937,937,945.5,927,8/16/2022
938,928,943,921.5,8/17/2022
928,914.5,935.5,913,8/18/2022
914.5,899,915,888,8/19/2022
899,899,899,899,8/20/2022
899,899,899,899,8/21/2022
895.5,880,902,869,8/22/2022
880.5,884,892.5,868,8/23/2022
884,879.5,890,869.5,8/24/2022
881,884.5,890,877,8/25/2022
886,866,887.5,863.5,8/26/2022
866,866,866,866,8/27/2022
866,866,866,866,8/28/2022
849.5,866.5,875,849.5,8/29/2022
868.5,851,869.5,848,8/30/2022
850.5,848.5,859.5,842.5,8/31/2022
848.5,830.5,849.5,821.5,9/1/2022
832,840,848,829,9/2/2022
840,840,840,840,9/3/2022
840,840,840,840,9/4/2022
835.5,850,853.5,835,9/5/2022
850.5,856,866,847.5,9/6/2022
857,871.5,873,846,9/7/2022
872.5,882.5,887,865,9/8/2022
882.5,886,892.5,876,9/9/2022
886,886,886,886,9/10/2022
886,885.5,886,885.5,9/11/2022
888,909.5,912.5,878,9/12/2022
911,883,921,881,9/13/2022
882,910,917,881,9/14/2022
909,908,925,903,9/15/2022
907.5,910.5,912,887.5,9/16/2022
910.5,910.5,910.5,910.5,9/18/2022
909.5,923.5,926,900,9/19/2022
924,927.5,933.5,918.5,9/20/2022
926.5,912,940,908,9/21/2022
912.5,904.5,919,896,9/22/2022
904.5,859,908.5,858.5,9/23/2022
859,859,859,859,9/24/2022
859,859,859,859,9/25/2022
854.5,855.5,870.5,852,9/26/2022
854.5,852,868,850.5,9/27/2022
854.5,867,870.5,838.5,9/28/2022
866.5,868,875,846,9/29/2022
870.5,864,882,857.5,9/30/2022
864,864,864,864,10/1/2022
864,864,864,864,10/2/2022
868,904,907,862.5,10/3/2022
905,934,941,903,10/4/2022
932.5,922,934.5,905,10/5/2022
920,925,933,919,10/6/2022
924.5,917,940.5,914,10/7/2022
917,917,919,917,10/8/2022
917,919,919.5,917,10/9/2022
914.5,897,917,895.5,10/10/2022
902,900,907,885.5,10/11/2022
888.5,882,899,879.5,10/12/2022
884,897.5,904,863,10/13/2022
899.5,900.5,913.5,893,10/14/2022
900.5,900.5,900.5,900.5,10/15/2022
0,899.5,0,899.5,10/16/2022
901,919,925,901,10/17/2022
918,910,927,905,10/18/2022
909.5,886.5,914,885,10/19/2022
886.5,918,921.5,880.5,10/20/2022
918.5,935,937.5,894,10/21/2022
934,935,935,934,10/22/2022
0,936.5,936.5,0,10/23/2022
944.5,929,949.5,922.5,10/24/2022
928,919.5,933,908,10/25/2022
918,956,962,916,10/26/2022
954.5,962.5,968.5,944.5,10/27/2022
961.5,947.5,970,943.5,10/28/2022
947.5,946.5,947.5,946.5,10/29/2022
947.5,946,947.5,943.5,10/30/2022
947,929.5,950,927,10/31/2022
930.5,948.5,957.5,928.5,11/1/2022
949.5,935,960.5,934,11/2/2022
934,919.5,943,911.5,11/3/2022
919,965.5,967,917.5,11/4/2022
965.5,965.5,965.5,957.5,11/5/2022
0,965,0,0,11/6/2022
957.5,986,987,950.5,11/7/2022
985,1002.5,1005.5,971.5,11/8/2022
1001.5,989,1013.5,984,11/9/2022
989.5,1043,1046,987.5,11/10/2022
1035,1034.5,1060.5,1025.5,11/11/2022
1034.5,1034.5,1034.5,1034.5,11/12/2022
1034.5,1034.5,1034.5,1034.5,11/13/2022
1030,1022,1036,1004,11/14/2022
1021.5,1017.5,1041.5,1009.5,11/15/2022
1018,1009.5,1027.5,1004,11/16/2022
1009,985,1013.5,980,11/17/2022
986,981.5,992.5,976.5,11/18/2022
981.5,981.5,981.5,981.5,11/19/2022
0,982,982,980,11/20/2022
983,983.5,990.5,966,11/21/2022
986,993.5,1001,985,11/22/2022
992.5,999.5,1004,979,11/23/2022
1001,991,1004,988,11/24/2022
991,984,995.5,977.5,11/25/2022
984,984,984,984,11/26/2022
979.5,992.5,1007,974,11/28/2022
992.5,1006.5,1012,989,11/29/2022
1005.5,1037.5,1043,1004,11/30/2022
1041,1047,1056.5,1028.5,12/1/2022
1045.5,1020,1048.5,1004.5,12/2/2022
1020,1021,1021,1020,12/3/2022
1020,1021,1021,1020,12/4/2022
1019.5,1002.5,1032.5,998,12/5/2022
1000.5,991.5,1008.5,988,12/6/2022
991.5,1006.5,1020,981.5,12/7/2022
1007.5,1008,1016.5,1000.5,12/8/2022
1010,1028.5,1033.5,997,12/9/2022
1028.5,1028.5,1028.5,1028.5,12/10/2022
1020.5,1002,1028,996,12/12/2022
1001.5,1036,1049,999,12/13/2022
1037,1030.5,1041,1021,12/14/2022
1029.5,1006,1031.5,1003.5,12/15/2022
1009,993,1014,990,12/16/2022
992.5,992.5,993,992.5,12/17/2022
0,991.5,0,991.5,12/18/2022
993.5,982.5,1012.5,979.5,12/19/2022
982.5,1014,1019,979,12/20/2022
1013.5,1002.5,1017.5,996.5,12/21/2022
1002,981,1009,973,12/22/2022
983.5,1030.5,1035,979.5,12/23/2022
1026.5,1025.5,1026.5,1025.5,12/25/2022
1025.5,1025.5,1026.5,1025.5,12/26/2022
1030.5,1024,1035,1001,12/27/2022
1020,1011.5,1036.5,1006.5,12/28/2022
1010.5,1054.5,1063.5,1008,12/29/2022
1058.5,1073.5,1075,1052,12/30/2022
1073.5,1071,1073.5,1071,1/2/2023
1083,1085.5,1094.5,1068.5,1/3/2023
1085.5,1081,1101,1076,1/4/2023
1080.5,1062,1090,1057.5,1/5/2023
1061.5,1094,1096,1050,1/6/2023
1094,1094,1094,1093.5,1/7/2023
0,1093.5,0,0,1/8/2023
1097,1088.5,1104.5,1079.5,1/9/2023
1081.5,1078.5,1087.5,1073.5,1/10/2023
1081.5,1074,1106,1068.5,1/11/2023
1071,1077.5,1083.5,1060.5,1/12/2023
1069,1067,1078,1049.5,1/13/2023
1067,1067,1069,1067,1/14/2023
1069.5,1067,1069.5,1067,1/15/2023
1070.5,1067,1076.5,1056,1/16/2023
1068.5,1042,1070,1040,1/17/2023
1042.5,1039,1079.5,1032.5,1/18/2023
1040,1036.5,1047,1012,1/19/2023
1036,1043,1055,1022.5,1/20/2023
1043,1043,1046.5,1043,1/21/2023
1046.5,1047,1047,1043,1/22/2023
1047,1052,1054.5,1031,1/23/2023
1054,1061,1062.5,1045,1/24/2023
1060.5,1043.5,1061,1034.5,1/25/2023
1042,1021.5,1046,1017.5,1/26/2023
1022,1015,1025,1002,1/27/2023
1015,1013.5,1015,1013.5,1/28/2023
1013.5,1014.5,1015,1013.5,1/29/2023
1015.5,1014.5,1022,1008.5,1/30/2023
1013.5,1017,1022,993.5,1/31/2023
1014.5,1009,1019,994,2/1/2023
1010.5,1025,1040.5,1010,2/2/2023
1026,976.5,1036,974.5,2/3/2023
976.5,976.5,976.5,976.5,2/4/2023
976.5,977,977,976.5,2/5/2023
977,971,986.5,968.5,2/6/2023
974,982.5,984.5,965.5,2/7/2023
978.5,983.5,993,973,2/8/2023
973.5,961,989,955,2/9/2023
956.5,949.5,971,947,2/10/2023
949.5,949.5,949.5,949.5,2/11/2023
949.5,950,950,949.5,2/12/2023
948.5,958,961.5,938.5,2/13/2023
959,938.5,962.5,931.5,2/14/2023
935,918,937.5,916,2/15/2023
918.5,931,934,910.5,2/16/2023
922,921,925.5,910,2/17/2023
921,921,921,921,2/18/2023
921,921,921,921,2/19/2023
920.5,928.5,943.5,917.5,2/20/2023
929.5,949,951,923,2/21/2023
945.5,955,965,938.5,2/22/2023
953,947,965,942.5,2/23/2023
949.5,912,953.5,909.5,2/24/2023
912,912,912,912,2/25/2023
911.5,943.5,954.5,907,2/27/2023
943,955,962,934.5,2/28/2023
955.5,959.5,973,951,3/1/2023
960,963.5,968,949.5,3/2/2023
965.5,983,985,965,3/3/2023
978.5,978.5,978.5,978.5,3/5/2023
978.5,977,982,965,3/6/2023
978.5,937.5,982,932,3/7/2023
936,941.5,950.5,933,3/8/2023
940.5,950.5,963,935,3/9/2023
946,962.5,976,934,3/10/2023
962.5,962.5,962.5,962.5,3/11/2023
966,970.5,975,966,3/12/2023
973.5,1001.5,1009.5,961,3/13/2023
1001.5,987,1003,980.5,3/14/2023
988.5,963,994.5,951.5,3/15/2023
964.5,978,980.5,962,3/16/2023
978,978,1000,964.5,3/17/2023
976,993,1003.5,966.5,3/20/2023
993.5,975.5,996.5,964.5,3/21/2023
976.5,983.5,1002,975,3/22/2023
984,987.5,995.5,976,3/23/2023
987.5,982.5,992,960,3/24/2023
982.5,982.5,982.5,982.5,3/25/2023
982.5,982.5,982.5,982.5,3/26/2023
983,976.5,983.5,963.5,3/27/2023
979,968,982,960.5,3/28/2023
968.5,972,975,954.5,3/29/2023
971,990,992,966.5,3/30/2023
990,997.5,999.5,978.5,3/31/2023
997.5,997.5,997.5,997.5,4/1/2023
997.5,997.5,997.5,997.5,4/2/2023
991,990.51,1003.01,981.01,4/3/2023
993.51,1022,1025,985.01,4/4/2023
1023,1002,1030,995,4/5/2023
1003.5,1011,1015.5,999,4/6/2023
1011,1011,1011,1011,4/7/2023
1011,1011,1011,1011,4/8/2023
1011,1011,1011,1011,4/9/2023
1008.5,996.5,1019.5,989.5,4/10/2023
997.5,998.5,1012,994,4/11/2023
999,1020,1026.5,997.5,4/12/2023
1021,1056,1060.5,1016.5,4/13/2023
1054,1049.5,1060,1038,4/14/2023
1049.5,1049.5,1049.5,1049.5,4/15/2023
1049.5,1049.5,1049.5,1049.5,4/16/2023
1047.5,1051,1059,1041,4/17/2023
1052.5,1087,1091.5,1051,4/18/2023
1084,1094.5,1097,1061.5,4/19/2023
1092.5,1095.5,1100,1084,4/20/2023
1098,1128,1134,1090.5,4/21/2023
1128,1128,1128,1128,4/22/2023
1128,1128,1128,1128,4/23/2023
1111.5,1087,1112,1085,4/24/2023
1091,1088,1096.5,1067.5,4/25/2023
1094.5,1094,1119.5,1088.5,4/26/2023
1090.5,1082,1102,1074.5,4/27/2023
1082.5,1078,1086,1066,4/28/2023
1078,1078,1078,1078,4/29/2023
1076,1054.5,1093.5,1052.5,5/1/2023
1055.5,1070,1071,1045.5,5/2/2023
1066.5,1054.5,1077,1050,5/3/2023
1053.5,1044,1066,1037.5,5/4/2023
1047.5,1065,1066.5,1037.5,5/5/2023
1065,1065,1065,1065,5/6/2023
1065,1065,1065,1065,5/7/2023
1065.5,1084.5,1093.5,1063,5/8/2023
1080,1109.5,1111,1070,5/9/2023
1108,1111,1129,1101.5,5/10/2023
1118,1098.5,1122,1089,5/11/2023
1097.5,1061.5,1104,1052.5,5/12/2023
1061.5,1061.5,1061.5,1061.5,5/13/2023
1053,1069.5,1074,1053,5/15/2023
1065.5,1062,1073.5,1057,5/16/2023
1063,1077,1081,1062.5,5/17/2023
1073.5,1053.5,1075.5,1050.5,5/18/2023
1055,1070.5,1080.5,1050.5,5/19/2023
1070.5,1070.5,1070.5,1070.5,5/20/2023
1070.5,1070.5,1070.5,1070.5,5/21/2023
1066.5,1072,1082.5,1061,5/22/2023
1071.5,1052.5,1074,1052,5/23/2023
1055,1027,1058,1024,5/24/2023
1028,1024.5,1034.5,1018.5,5/25/2023
1025.5,1026.5,1038,1023,5/26/2023
1026.5,1026.5,1026.5,1026.5,5/27/2023
1026,1026,1026,1026,5/28/2023
1026,1028.5,1037,1023.5,5/29/2023
1030,1019,1043,1018.5,5/30/2023
1023.5,998,1026.5,997.5,5/31/2023
998,1010,1016,996.5,6/1/2023
1009.5,1003.5,1021,1002,6/2/2023
1003.5,1003.5,1003.5,1003.5,6/4/2023
1009.5,1035,1041,1006.5,6/5/2023
1034,1036.5,1042.5,1025.5,6/6/2023
1038,1022.5,1049.5,1021,6/7/2023
1022.5,1012.5,1031,1009.5,6/8/2023
1013.5,1012.5,1022,1001,6/9/2023
1012.5,1012.5,1012.5,1012.5,6/10/2023
1012.5,995,1013,991.5,6/12/2023
996.5,981.5,1002.5,978.5,6/13/2023
981.5,980,986,972.5,6/14/2023
980.5,990.5,994,966,6/15/2023
992.5,986.5,1000.5,977.5,6/16/2023
986.5,986.5,986.5,986.5,6/17/2023
986.5,986.5,986.5,986.5,6/18/2023
986.5,978.5,987,976.5,6/19/2023
979.5,967.5,981,956,6/20/2023
965.5,948.5,966,945.5,6/21/2023
946.5,927.5,949.5,924.5,6/22/2023
925.5,922,932.5,920.5,6/23/2023
922,922,922,922,6/24/2023
922,924.5,924.5,922,6/25/2023
923,928,939.5,923,6/26/2023
929.5,929.5,937,918.5,6/27/2023
928.5,919.5,928.5,904.5,6/28/2023
916,902,924.5,892.5,6/29/2023
899.5,906,913.5,890,6/30/2023
906,906,906,906,7/2/2023
906.5,911,920.5,896.5,7/3/2023
913.5,920.5,932.5,913,7/4/2023
920.5,920.5,924.5,911.5,7/5/2023
919.5,906.5,927,896,7/6/2023
906,915,921,903,7/7/2023
915,915,915,915,7/8/2023
915,915,915,915,7/9/2023
914.5,931.5,933.5,906.5,7/10/2023
932,929,940,925,7/11/2023
928.5,951.5,959.5,928,7/12/2023
954.5,977.5,980.5,953,7/13/2023
977.5,978,980,965.5,7/14/2023
978,978,978,978,7/15/2023
978,978,978,978,7/16/2023
976,980.5,984,966.5,7/17/2023
981,987,995.5,977,7/18/2023
987,977.5,990.5,972.5,7/19/2023
975,958,979.5,955.5,7/20/2023
960,966,968,956,7/21/2023
966,966,966,966,7/22/2023
966,963,970.5,957,7/24/2023
962,969.5,979,960,7/25/2023
971.5,966,972.5,954,7/26/2023
968,940.5,976.5,936,7/27/2023
939,939.5,945,931,7/28/2023
939.5,939.5,939.5,939.5,7/29/2023
939.5,939.5,939.5,939.5,7/30/2023
941,954,962.5,927,7/31/2023
956.5,936,958,924,8/1/2023
937.5,926,939.5,922,8/2/2023
923,919,927.5,915.5,8/3/2023
917,926,929,913,8/4/2023
926,926,926,926,8/5/2023
926,926,926,926,8/6/2023
926.5,924.5,931.5,914.5,8/7/2023
924,903,924,899,8/8/2023
904,892.5,909.5,890.5,8/9/2023
893.5,914,916,891.5,8/10/2023
910.5,913.5,922,906.5,8/11/2023
913.5,913.5,913.5,913.5,8/12/2023
915,906.5,918.5,893.5,8/14/2023
904,892,905.5,886,8/15/2023
892.5,891.5,898.5,885.5,8/16/2023
887.5,894.5,912.5,884,8/17/2023
896.5,913.5,916.5,895.5,8/18/2023
913.5,913.5,913.5,913.5,8/19/2023
913.5,913.5,913.5,913.5,8/20/2023
915,912,918,904,8/21/2023
914,923.5,930,911.5,8/22/2023
925,934.5,940,924,8/23/2023
933.5,940,944.5,928.5,8/24/2023
938,949,951.5,933.5,8/25/2023
949,949,949,949,8/26/2023
948.5,969.5,975,940.5,8/28/2023
974,981,985.5,968.5,8/29/2023
982,978.5,988,974.5,8/30/2023
980,970,984.5,968.5,8/31/2023
973.5,964.5,989.5,963.5,9/1/2023
964.5,957,968.5,952,9/2/2023
955.5,930.5,956,929,9/5/2023
931,913.5,932,907.5,9/6/2023
914,908,916.5,902.5,9/7/2023
909.5,896,913.5,893,9/8/2023
896,896,896,896,9/9/2023
894.5,894.5,894.5,894.5,9/10/2023
896,903,908.5,894.5,9/11/2023
904,913.5,916.5,895,9/12/2023
914,905,915,899,9/13/2023
905,911,914,900,9/14/2023
911.5,931,934,909.5,9/15/2023
931,931,931,931,9/16/2023
931,929.5,931,929.5,9/17/2023
932,938,940.5,930.5,9/18/2023
939,948,954.5,933.5,9/19/2023
946,942,949,931.5,9/20/2023
932.5,924,932.5,916.5,9/21/2023
924.5,933,946.5,924,9/22/2023
933,933,933,933,9/23/2023
933,933,933,933,9/24/2023
933,918,934,913,9/25/2023
917,907.5,917,902,9/26/2023
906.5,892,912,884,9/27/2023
893.5,909.5,912.5,889.5,9/28/2023
911.5,908.5,928,905,9/29/2023
908.5,908.5,908.5,908.5,9/30/2023
908.5,908.5,908.5,908.5,10/1/2023
912,882,914.5,880,10/2/2023
881.5,876,886.5,870.5,10/3/2023
873,871,880.5,863,10/4/2023
870,859.5,875.5,858,10/5/2023
864.5,881,886,855,10/6/2023
881,881,881,881,10/7/2023
881,881,881,881,10/8/2023
886,886,893.5,874.5,10/9/2023
890,887.5,896.5,883.5,10/10/2023
885,890,893.5,877,10/11/2023
890.5,873,899.5,868,10/12/2023
869,884.5,888.5,865.5,10/13/2023
884.5,884.5,884.5,884.5,10/14/2023
884.5,884.5,884.5,884.5,10/15/2023
883.5,895.5,896.5,876,10/16/2023
894.5,902,905.5,890.5,10/17/2023
900.5,890.5,910,881.5,10/18/2023
887.5,894,899,878.5,10/19/2023
895,899.5,909,890,10/20/2023
899.5,899.5,899.5,899.5,10/21/2023
899.5,899.5,899.5,899.5,10/22/2023
898.5,901,904,890.5,10/23/2023
898.5,889,905.5,883,10/24/2023
890,907.5,911,882,10/25/2023
907.5,905,915,896,10/26/2023
907,908,914,899.5,10/27/2023
908,908,908,908,10/28/2023
908,908,909,905.5,10/29/2023
907.5,935.5,937.5,903,10/30/2023
935,937,945,932,10/31/2023
936.5,929.5,937,919.5,11/1/2023
929.5,925,936.5,915,11/2/2023
924.5,934.5,939.5,924,11/3/2023
934.5,934.5,934.5,934.5,11/4/2023
934.5,934.5,934.5,934.5,11/5/2023
933.5,911.5,937,907,11/6/2023
908,895,909.5,893.5,11/7/2023
895.5,869.5,897.5,869,11/8/2023
870.5,862,876,858.5,11/9/2023
862,845,863.5,843,11/10/2023
845,845,845,845,11/11/2023
845,844.5,845,844.5,11/12/2023
847,864,869.5,845,11/13/2023
870,892.5,895,869.5,11/14/2023
891.5,900,906.5,886.5,11/15/2023
899,901,907,892.5,11/16/2023
897.5,902.5,911,894,11/17/2023
902.5,902.5,902.5,902.5,11/18/2023
902.5,902.5,902.5,902.5,11/19/2023
900,924,925.5,897,11/20/2023
922.5,941.5,943.5,919,11/21/2023
938.5,926.5,944.5,920.5,11/22/2023
927.5,918,932.5,916.5,11/23/2023
918.5,935.5,939.5,909,11/24/2023
934.5,917,940.5,912.5,11/27/2023
919.5,946,951,915,11/28/2023
945,938,950.5,927,11/29/2023
935,933,944,925,11/30/2023
931.5,938,940,921.5,12/1/2023
938,933,938,933,12/3/2023
941,922,946.5,913.5,12/4/2023
920.5,903.5,923.5,896.5,12/5/2023
902,892.5,915,889.5,12/6/2023
893,911,917.5,889.5,12/7/2023
911,920,928.5,908.5,12/8/2023
920,920,920,920,12/9/2023
920,918,920,918,12/10/2023
920.5,913,929.5,912,12/11/2023
913,929.5,934,910,12/12/2023
934.5,919,940.5,919,12/13/2023
939.5,965,968,937.5,12/14/2023
963.5,949,968.5,940,12/15/2023
949,949,949,949,12/16/2023
949,949,949,949,12/17/2023
944.5,951,960.5,941,12/18/2023
950.5,962.5,964.5,942,12/19/2023
959,970.5,972.5,950,12/20/2023
963.5,968,971.5,952.5,12/21/2023
969,979,985.5,963,12/22/2023
979,979,979,979,12/23/2023
979,979,979,979,12/24/2023
979,979,979,979,12/25/2023
977,979.5,984.5,972,12/26/2023
982.5,999.5,1001.5,974,12/27/2023
1001.5,1008,1015.5,993.5,12/28/2023
1007.5,995.5,1011,994,12/29/2023
992,992,992,992,12/30/2023
992,995,995,992,1/1/2024
992.5,988,1004,982,1/2/2024
986,978.5,991,968,1/3/2024
977,958,979,956.5,1/4/2024
959,966,973,947,1/5/2024
966,966,966,966,1/6/2024
966,964.5,966,964.5,1/7/2024
963.5,950.5,969.5,946,1/8/2024
947.5,936,954.5,933,1/9/2024
935,923,941,919.5,1/10/2024
922.5,913,934.5,911.5,1/11/2024
918.5,909.5,940,907.5,1/12/2024
909.5,909.5,909.5,909.5,1/13/2024
909.5,914.5,914.5,909.5,1/14/2024
910.5,916,920,910,1/15/2024
915.5,899.5,916,897,1/16/2024
900,885,901.5,879.5,1/17/2024
886,907.5,912,885.5,1/18/2024
912.5,902.5,919.5,896.5,1/19/2024
902.5,902.5,902.5,902.5,1/20/2024
902.5,902.5,902.5,902.5,1/21/2024
902,898,908.5,895,1/22/2024
895.5,900.5,912,895.5,1/23/2024
904,910,917,901.5,1/24/2024
903.5,889.5,906.5,887.5,1/25/2024
892.5,917.5,921,891.5,1/26/2024
917.5,917.5,917.5,917.5,1/27/2024
917.5,917.5,917.5,917.5,1/28/2024
918.5,931.5,933.5,911,1/29/2024
932,925.5,933,916.5,1/30/2024
927,926.5,938,919,1/31/2024
922.5,916.5,926,904,2/1/2024
916.5,895.5,927.5,893.5,2/2/2024
895.5,895.5,895.5,895.5,2/3/2024
895.5,895.5,895.5,895.5,2/4/2024
895.5,898.5,905.5,892.5,2/5/2024
900,906.5,911,895,2/6/2024
907,882.5,910.5,880.5,2/7/2024
883.5,889.5,891.5,873,2/8/2024
891.5,876,894.5,869,2/9/2024
876,876,876,876,2/10/2024
876,873.5,876,873.5,2/11/2024
876,892.5,896,874,2/12/2024
892.5,874.5,902.5,870,2/13/2024
874,893,899,872.5,2/14/2024
894,900.5,905.5,889,2/15/2024
902.5,909,912.5,890,2/16/2024
909,909,909,909,2/17/2024
909,909,909,909,2/18/2024
909,903,914,900,2/19/2024
903.5,910.5,917.5,896.5,2/20/2024
908,885.5,912,883,2/21/2024
885.5,901.5,905.5,884.5,2/22/2024
902,903,907.5,890,2/23/2024
903,903,903,903,2/24/2024
902,877,903,876,2/26/2024
879.5,893,897.5,879,2/27/2024
892,881,893,877.5,2/28/2024
879.5,880,889.5,875.5,2/29/2024
879.5,888.5,889,866,3/1/2024
884,884,884,884,3/3/2024
889,900.5,903,883.5,3/4/2024
899.5,883.5,900,880.5,3/5/2024
883,911.5,913,881,3/6/2024
909.5,920.5,927,906,3/7/2024
920.5,912,928.5,908.5,3/8/2024
912,915,916.5,912,3/10/2024
914,939,941.5,914,3/11/2024
939,925,940,912.5,3/12/2024
925,943,943.5,923,3/13/2024
943.5,928,944.5,927,3/14/2024
928,939.5,954.5,925.5,3/15/2024
939.5,939.5,939.5,939.5,3/16/2024
939.5,938.5,939.5,936.5,3/17/2024
937,916,938,914.5,3/18/2024
915.5,896.5,917,893,3/19/2024
896,915,915.5,891,3/20/2024
915,909,921,908,3/21/2024
909,897.5,913,896,3/22/2024
897.5,897.5,897.5,897.5,3/23/2024
0,898,899,0,3/24/2024
898.5,904.5,913.5,898.5,3/25/2024
904,904.5,909.5,900.5,3/26/2024
904,898.5,911,889.5,3/27/2024
897.5,910,913,893.5,3/28/2024
910,910,910,910,3/29/2024
910,910,910,910,3/30/2024
910,910,910,910,3/31/2024
915.5,900.5,917.5,894,4/1/2024
904,923.5,931,902,4/2/2024
926.5,935.5,942,917,4/3/2024
941,941.5,947,931.5,4/4/2024
935.5,929,936.5,916,4/5/2024
929,929,929,929,4/6/2024
929,929.5,929.5,929,4/7/2024
928.5,963.5,969.5,921,4/8/2024
966,972,989,965.5,4/9/2024
980,964.5,985.5,959.5,4/10/2024
964,976,984,962,4/11/2024
984.5,974.5,1006.5,974,4/12/2024
974.5,974.5,974.5,974.5,4/13/2024
974.5,988,988,974.5,4/14/2024
982.5,967.5,985,958.5,4/15/2024
972,961.5,974,955.5,4/16/2024
956.5,943,963,941.5,4/17/2024
941.5,944.5,952,934,4/18/2024
938.5,934.5,950,927,4/19/2024
934.5,934.5,934.5,934.5,4/20/2024
934.5,934.5,934.5,934.5,4/21/2024
933.5,922,937.5,916.5,4/22/2024
921,914.5,923.5,902,4/23/2024
912,907.5,920.5,902.5,4/24/2024
902.5,912,918.5,897,4/25/2024
918.5,915.5,925.5,911,4/26/2024
915.5,915.5,915.5,915.5,4/27/2024
915,953.5,957,914,4/29/2024
951.5,940,955,932,4/30/2024
937.5,947,960,934,5/1/2024
957,954.5,963,944,5/2/2024
956,958.5,972,949.5,5/3/2024
958.5,958.5,958.5,958.5,5/5/2024
951,957,970.5,949,5/6/2024
958.5,980.5,985,953.5,5/7/2024
980,976.5,983.5,964.5,5/8/2024
977,983,989.5,974.5,5/9/2024
984.5,999,1000.5,984.5,5/10/2024
999,999,999,999,5/11/2024
999,999,999,999,5/12/2024
998.5,1002.5,1017,993,5/13/2024
1002.5,1036,1040.5,1001.5,5/14/2024
1039,1060.5,1068.5,1038.5,5/15/2024
1068.5,1062,1081.5,1049,5/16/2024
1064,1085.5,1090.5,1053,5/17/2024
1085.5,1085.5,1085.5,1085.5,5/18/2024
1085.5,1085.5,1085.5,1085.5,5/19/2024
1083,1054,1095.5,1047,5/20/2024
1050.5,1051.5,1061,1030.5,5/21/2024
1054,1040,1059.5,1033.5,5/22/2024
1037.5,1024,1046,1017.5,5/23/2024
1021,1028.5,1036,1015.5,5/24/2024
1028.5,1028.5,1028.5,1028.5,5/25/2024
1028.5,1032,1032,1028.5,5/26/2024
1030,1057.5,1061,1030,5/27/2024
1056,1059.5,1068,1045,5/28/2024
1061.5,1040.5,1064,1036,5/29/2024
1040,1031.5,1043,1022.5,5/30/2024
1028,1038.5,1051.5,1020,5/31/2024
1038.5,1038.5,1038.5,1038.5,6/1/2024
